<?xml version="1.0" encoding="UTF-8"?>
<project-private xmlns="http://www.netbeans.org/ns/project-private/1">
    <editor-bookmarks xmlns="http://www.netbeans.org/ns/editor-bookmarks/2" lastBookmarkId="0"/>
    <open-files xmlns="http://www.netbeans.org/ns/projectui-open-files/2">
        <group>
            <file>file:/C:/Users/m16946/HarmonyProjects/PIC32MZW1_Curiosity_OOB-1.2.5_motor/src/firmware/src/app.c</file>
            <file>file:/C:/Users/m16946/HarmonyProjects/PIC32MZW1_Curiosity_OOB-1.2.5_motor/src/firmware/src/app_motor.c</file>
            <file>file:/C:/Users/m16946/HarmonyProjects/PIC32MZW1_Curiosity_OOB-1.2.5_motor/src/firmware/src/app_motor.h</file>
            <file>file:/C:/Users/m16946/HarmonyProjects/PIC32MZW1_Curiosity_OOB-1.2.5_motor/src/firmware/src/mqtt_app.c</file>
            <file>file:/C:/Users/m16946/HarmonyProjects/PIC32MZW1_Curiosity_OOB-1.2.5_motor/src/firmware/src/app_control.c</file>
            <file>file:/C:/Users/m16946/HarmonyProjects/PIC32MZW1_Curiosity_OOB-1.2.5_motor/src/firmware/src/app_control.h</file>
            <file>file:/C:/Users/m16946/HarmonyProjects/PIC32MZW1_Curiosity_OOB-1.2.5_motor/src/firmware/src/mqtt_app.h</file>
        </group>
    </open-files>
</project-private>
