<?xml version="1.0" encoding="UTF-8"?>
<project-private xmlns="http://www.netbeans.org/ns/project-private/1">
    <editor-bookmarks xmlns="http://www.netbeans.org/ns/editor-bookmarks/2" lastBookmarkId="0"/>
    <open-files xmlns="http://www.netbeans.org/ns/projectui-open-files/2">
        <group>
            <file>file:/C:/Users/m16946/HarmonyProjects/pic32mzw1_ble/firmware/src/app_ble.c</file>
            <file>file:/C:/Users/m16946/HarmonyProjects/pic32mzw1_ble/firmware/src/app_ble.h</file>
            <file>file:/C:/Users/m16946/HarmonyProjects/pic32mzw1_ble/firmware/src/app_wifi.c</file>
            <file>file:/C:/Users/m16946/HarmonyProjects/pic32mzw1_ble/firmware/src/app_wifi.h</file>
            <file>file:/C:/Users/m16946/HarmonyProjects/pic32mzw1_ble/firmware/src/config/default/system/wifi/sys_wifi.h</file>
        </group>
    </open-files>
</project-private>
