{
	"metaDataVersion": "1.0.0",
	"category": "com.microchip.ide.project",
	"content": {
		"metaDataVersion": "1.3.0",
		"name": "com.microchip.mcu32.mplabx.project.wireless_apps_pic32mzw1_wfi32e01_wifi_easy_config_freertos",
		"version": "3.7.0",
		"displayName": "Wi-Fi Easy Configuration (RTOS)",
		"projectName": "wifi_easy_config_freertos_pic32mz_w1_curiosity",
		"shortDescription": "This FreRTOS example showcase Wi-Fi AP application to illustrate SoftAP mode Wi-Fi provisioning via command line(CLI),Socket and HTTP.",
		"ide": {
			"name": "MPLABX",
			"semverRange": ">=6.00"
		},
		"compiler": [
			{
				"name": "XC32",
				"semverRange": ">=3.1.0"
			}
		],
		"dfp": {
			"name": "PIC32MZ-W_DFP",
			"semverRange": "^1.6.220"
		},
		"configurator": {
			"name": "MHC",
			"semverRange": ">=3.8.2"
		},
		"device": {
			"metaDataVersion": "1.0.0",
			"category": "com.microchip.portal.contentRef",
			"content": {
				"metaDataVersion": "1.0.0",
				"category": "com.microchip.device",
				"name": "PIC32MZ1025W104132",
				"versionRange": "*"
			}
		},
		"author": "Microchip",
		"peripherals": [
			"Wi-Fi"
		],
		"keywords": [
			"MHC",
			"Harmony",
			"PIC32MZ1025W104132",
			"WFI32",
			"WFI32E01",
			"PIC32MZ W1 Family",
			"wireless",
			"Wi-Fi AP",
			"SoftAP",
			"provisioning"
			
		],
		"additionalData": {
			"longDescription": {
				"metaDataVersion": "1.0.0",
				"category": "com.microchip.portal.fileRef",
				"content": {
					"metaDataVersion": "1.0.0",
					"fileName": "./../../readme.md",
					"mimeType": "text/markdown"
				}
			}
		}
	}
}