<?xml version="1.0" encoding="UTF-8"?>
<configurationDescriptor version="65">
  <logicalFolder name="root" displayName="root" projectFiles="true">
    <logicalFolder name="HeaderFiles"
                   displayName="Header Files"
                   projectFiles="true">
      <logicalFolder name="f1" displayName="config" projectFiles="true">
        <logicalFolder name="f1" displayName="default" projectFiles="true">
          <logicalFolder name="f1" displayName="bsp" projectFiles="true">
            <itemPath>../src/config/default/bsp/bsp.h</itemPath>
          </logicalFolder>
          <logicalFolder name="f4" displayName="driver" projectFiles="true">
            <logicalFolder name="f1" displayName="i2c" projectFiles="true">
              <itemPath>../src/config/default/driver/i2c/drv_i2c.h</itemPath>
              <itemPath>../src/config/default/driver/i2c/drv_i2c_definitions.h</itemPath>
            </logicalFolder>
            <logicalFolder name="f3" displayName="sdspi" projectFiles="true">
              <itemPath>../src/config/default/driver/sdspi/drv_sdspi_definitions.h</itemPath>
              <itemPath>../src/config/default/driver/sdspi/src/drv_sdspi_local.h</itemPath>
              <itemPath>../src/config/default/driver/sdspi/src/drv_sdspi_plib_interface.h</itemPath>
              <itemPath>../src/config/default/driver/sdspi/drv_sdspi.h</itemPath>
            </logicalFolder>
            <logicalFolder name="f2" displayName="usb" projectFiles="true">
              <logicalFolder name="f1" displayName="usbfs" projectFiles="true">
                <logicalFolder name="f1" displayName="src" projectFiles="true">
                  <logicalFolder name="f1" displayName="templates" projectFiles="true">
                    <itemPath>../src/config/default/driver/usb/usbfs/src/templates/usbfs_registers.h</itemPath>
                    <itemPath>../src/config/default/driver/usb/usbfs/src/templates/usb_ActivityPending_Default.h</itemPath>
                    <itemPath>../src/config/default/driver/usb/usbfs/src/templates/usb_ActivityPending_Unsupported.h</itemPath>
                    <itemPath>../src/config/default/driver/usb/usbfs/src/templates/usb_ALL_Interrupt_Default.h</itemPath>
                    <itemPath>../src/config/default/driver/usb/usbfs/src/templates/usb_ALL_Interrupt_Unsupported.h</itemPath>
                    <itemPath>../src/config/default/driver/usb/usbfs/src/templates/usb_AutomaticSuspend_Default.h</itemPath>
                    <itemPath>../src/config/default/driver/usb/usbfs/src/templates/usb_AutomaticSuspend_Unsupported.h</itemPath>
                    <itemPath>../src/config/default/driver/usb/usbfs/src/templates/usb_BDTBaseAddress_Default.h</itemPath>
                    <itemPath>../src/config/default/driver/usb/usbfs/src/templates/usb_BDTBaseAddress_Unsupported.h</itemPath>
                    <itemPath>../src/config/default/driver/usb/usbfs/src/templates/usb_BDTFunctions_PIC32.h</itemPath>
                    <itemPath>../src/config/default/driver/usb/usbfs/src/templates/usb_BDTFunctions_Unsupported.h</itemPath>
                    <itemPath>../src/config/default/driver/usb/usbfs/src/templates/usb_BufferFreeze_Default.h</itemPath>
                    <itemPath>../src/config/default/driver/usb/usbfs/src/templates/usb_BufferFreeze_Unsupported.h</itemPath>
                    <itemPath>../src/config/default/driver/usb/usbfs/src/templates/usb_DeviceAddress_Default.h</itemPath>
                    <itemPath>../src/config/default/driver/usb/usbfs/src/templates/usb_DeviceAddress_Unsupported.h</itemPath>
                    <itemPath>../src/config/default/driver/usb/usbfs/src/templates/usb_EP0LowSpeedConnect_Default.h</itemPath>
                    <itemPath>../src/config/default/driver/usb/usbfs/src/templates/usb_EP0LowSpeedConnect_Unsupported.h</itemPath>
                    <itemPath>../src/config/default/driver/usb/usbfs/src/templates/usb_EP0NAKRetry_Default.h</itemPath>
                    <itemPath>../src/config/default/driver/usb/usbfs/src/templates/usb_EP0NAKRetry_Unsupported.h</itemPath>
                    <itemPath>../src/config/default/driver/usb/usbfs/src/templates/usb_EPnControlTransfer_Default.h</itemPath>
                    <itemPath>../src/config/default/driver/usb/usbfs/src/templates/usb_EPnControlTransfer_Unsupported.h</itemPath>
                    <itemPath>../src/config/default/driver/usb/usbfs/src/templates/usb_EPnHandshake_Default.h</itemPath>
                    <itemPath>../src/config/default/driver/usb/usbfs/src/templates/usb_EPnHandshake_Unsupported.h</itemPath>
                    <itemPath>../src/config/default/driver/usb/usbfs/src/templates/usb_EPnRxEnableEnhanced_PIC32.h</itemPath>
                    <itemPath>../src/config/default/driver/usb/usbfs/src/templates/usb_EPnRxEnableEnhanced_Unsupported.h</itemPath>
                    <itemPath>../src/config/default/driver/usb/usbfs/src/templates/usb_EPnStall_Default.h</itemPath>
                    <itemPath>../src/config/default/driver/usb/usbfs/src/templates/usb_EPnStall_Unsupported.h</itemPath>
                    <itemPath>../src/config/default/driver/usb/usbfs/src/templates/usb_EPnTxRx_Default.h</itemPath>
                    <itemPath>../src/config/default/driver/usb/usbfs/src/templates/usb_EPnTxRx_Unsupported.h</itemPath>
                    <itemPath>../src/config/default/driver/usb/usbfs/src/templates/usb_ERR_Interrupt_Default.h</itemPath>
                    <itemPath>../src/config/default/driver/usb/usbfs/src/templates/usb_ERR_Interrupt_Unsupported.h</itemPath>
                    <itemPath>../src/config/default/driver/usb/usbfs/src/templates/usb_ERR_InterruptStatus_Default.h</itemPath>
                    <itemPath>../src/config/default/driver/usb/usbfs/src/templates/usb_ERR_InterruptStatus_Unsupported.h</itemPath>
                    <itemPath>../src/config/default/driver/usb/usbfs/src/templates/usb_EyePattern_Default.h</itemPath>
                    <itemPath>../src/config/default/driver/usb/usbfs/src/templates/usb_EyePattern_Unsupported.h</itemPath>
                    <itemPath>../src/config/default/driver/usb/usbfs/src/templates/usb_FrameNumber_Default.h</itemPath>
                    <itemPath>../src/config/default/driver/usb/usbfs/src/templates/usb_FrameNumber_Unsupported.h</itemPath>
                    <itemPath>../src/config/default/driver/usb/usbfs/src/templates/usb_GEN_Interrupt_Default.h</itemPath>
                    <itemPath>../src/config/default/driver/usb/usbfs/src/templates/usb_GEN_Interrupt_Unsupported.h</itemPath>
                    <itemPath>../src/config/default/driver/usb/usbfs/src/templates/usb_GEN_InterruptStatus_Default.h</itemPath>
                    <itemPath>../src/config/default/driver/usb/usbfs/src/templates/usb_GEN_InterruptStatus_Unsupported.h</itemPath>
                    <itemPath>../src/config/default/driver/usb/usbfs/src/templates/usb_HostBusyWithToken_Default.h</itemPath>
                    <itemPath>../src/config/default/driver/usb/usbfs/src/templates/usb_HostBusyWithToken_Unsupported.h</itemPath>
                    <itemPath>../src/config/default/driver/usb/usbfs/src/templates/usb_HostGeneratesReset_Default.h</itemPath>
                    <itemPath>../src/config/default/driver/usb/usbfs/src/templates/usb_HostGeneratesReset_Unsupported.h</itemPath>
                    <itemPath>../src/config/default/driver/usb/usbfs/src/templates/usb_LastDirection_Default.h</itemPath>
                    <itemPath>../src/config/default/driver/usb/usbfs/src/templates/usb_LastDirection_Unsupported.h</itemPath>
                    <itemPath>../src/config/default/driver/usb/usbfs/src/templates/usb_LastEndpoint_Default.h</itemPath>
                    <itemPath>../src/config/default/driver/usb/usbfs/src/templates/usb_LastEndpoint_Unsupported.h</itemPath>
                    <itemPath>../src/config/default/driver/usb/usbfs/src/templates/usb_LastPingPong_Default.h</itemPath>
                    <itemPath>../src/config/default/driver/usb/usbfs/src/templates/usb_LastPingPong_Unsupported.h</itemPath>
                    <itemPath>../src/config/default/driver/usb/usbfs/src/templates/usb_LastTransactionDetails_Default.h</itemPath>
                    <itemPath>../src/config/default/driver/usb/usbfs/src/templates/usb_LastTransactionDetails_Unsupported.h</itemPath>
                    <itemPath>../src/config/default/driver/usb/usbfs/src/templates/usb_LiveJState_Default.h</itemPath>
                    <itemPath>../src/config/default/driver/usb/usbfs/src/templates/usb_LiveJState_Unsupported.h</itemPath>
                    <itemPath>../src/config/default/driver/usb/usbfs/src/templates/usb_LiveSingleEndedZero_Default.h</itemPath>
                    <itemPath>../src/config/default/driver/usb/usbfs/src/templates/usb_LiveSingleEndedZero_Unsupported.h</itemPath>
                    <itemPath>../src/config/default/driver/usb/usbfs/src/templates/usb_ModuleBusy_Default.h</itemPath>
                    <itemPath>../src/config/default/driver/usb/usbfs/src/templates/usb_ModuleBusy_Unsupported.h</itemPath>
                    <itemPath>../src/config/default/driver/usb/usbfs/src/templates/usb_ModulePower_32Bit16Bit.h</itemPath>
                    <itemPath>../src/config/default/driver/usb/usbfs/src/templates/usb_ModulePower_Unsupported.h</itemPath>
                    <itemPath>../src/config/default/driver/usb/usbfs/src/templates/usb_NextTokenSpeed_Default.h</itemPath>
                    <itemPath>../src/config/default/driver/usb/usbfs/src/templates/usb_NextTokenSpeed_Unsupported.h</itemPath>
                    <itemPath>../src/config/default/driver/usb/usbfs/src/templates/usb_OnChipPullup_Unsupported.h</itemPath>
                    <itemPath>../src/config/default/driver/usb/usbfs/src/templates/usb_OnChipTransceiver_Unsupported.h</itemPath>
                    <itemPath>../src/config/default/driver/usb/usbfs/src/templates/usb_OpModeSelect_Default.h</itemPath>
                    <itemPath>../src/config/default/driver/usb/usbfs/src/templates/usb_OpModeSelect_Unsupported.h</itemPath>
                    <itemPath>../src/config/default/driver/usb/usbfs/src/templates/usb_OTG_ASessionValid_Default.h</itemPath>
                    <itemPath>../src/config/default/driver/usb/usbfs/src/templates/usb_OTG_ASessionValid_Unsupported.h</itemPath>
                    <itemPath>../src/config/default/driver/usb/usbfs/src/templates/usb_OTG_BSessionEnd_Default.h</itemPath>
                    <itemPath>../src/config/default/driver/usb/usbfs/src/templates/usb_OTG_BSessionEnd_Unsupported.h</itemPath>
                    <itemPath>../src/config/default/driver/usb/usbfs/src/templates/usb_OTG_IDPinState_Default.h</itemPath>
                    <itemPath>../src/config/default/driver/usb/usbfs/src/templates/usb_OTG_IDPinState_Unsupported.h</itemPath>
                    <itemPath>../src/config/default/driver/usb/usbfs/src/templates/usb_OTG_Interrupt_Default.h</itemPath>
                    <itemPath>../src/config/default/driver/usb/usbfs/src/templates/usb_OTG_Interrupt_Unsupported.h</itemPath>
                    <itemPath>../src/config/default/driver/usb/usbfs/src/templates/usb_OTG_InterruptStatus_Default.h</itemPath>
                    <itemPath>../src/config/default/driver/usb/usbfs/src/templates/usb_OTG_InterruptStatus_Unsupported.h</itemPath>
                    <itemPath>../src/config/default/driver/usb/usbfs/src/templates/usb_OTG_LineState_Default.h</itemPath>
                    <itemPath>../src/config/default/driver/usb/usbfs/src/templates/usb_OTG_LineState_Unsupported.h</itemPath>
                    <itemPath>../src/config/default/driver/usb/usbfs/src/templates/usb_OTG_PullUpPullDown_Default.h</itemPath>
                    <itemPath>../src/config/default/driver/usb/usbfs/src/templates/usb_OTG_PullUpPullDown_Unsupported.h</itemPath>
                    <itemPath>../src/config/default/driver/usb/usbfs/src/templates/usb_OTG_SessionValid_Default.h</itemPath>
                    <itemPath>../src/config/default/driver/usb/usbfs/src/templates/usb_OTG_SessionValid_Unsupported.h</itemPath>
                    <itemPath>../src/config/default/driver/usb/usbfs/src/templates/usb_OTG_VbusCharge_Default.h</itemPath>
                    <itemPath>../src/config/default/driver/usb/usbfs/src/templates/usb_OTG_VbusCharge_Unsupported.h</itemPath>
                    <itemPath>../src/config/default/driver/usb/usbfs/src/templates/usb_OTG_VbusDischarge_Default.h</itemPath>
                    <itemPath>../src/config/default/driver/usb/usbfs/src/templates/usb_OTG_VbusDischarge_Unsupported.h</itemPath>
                    <itemPath>../src/config/default/driver/usb/usbfs/src/templates/usb_OTG_VbusPowerOnOff_Default.h</itemPath>
                    <itemPath>../src/config/default/driver/usb/usbfs/src/templates/usb_OTG_VbusPowerOnOff_Unsupported.h</itemPath>
                    <itemPath>../src/config/default/driver/usb/usbfs/src/templates/usb_PacketTransfer_Default.h</itemPath>
                    <itemPath>../src/config/default/driver/usb/usbfs/src/templates/usb_PacketTransfer_Unsupported.h</itemPath>
                    <itemPath>../src/config/default/driver/usb/usbfs/src/templates/usb_PingPongMode_Unsupported.h</itemPath>
                    <itemPath>../src/config/default/driver/usb/usbfs/src/templates/usb_ResumeSignaling_Default.h</itemPath>
                    <itemPath>../src/config/default/driver/usb/usbfs/src/templates/usb_ResumeSignaling_Unsupported.h</itemPath>
                    <itemPath>../src/config/default/driver/usb/usbfs/src/templates/usb_SleepEntryGuard_Default.h</itemPath>
                    <itemPath>../src/config/default/driver/usb/usbfs/src/templates/usb_SleepEntryGuard_Unsupported.h</itemPath>
                    <itemPath>../src/config/default/driver/usb/usbfs/src/templates/usb_SOFThreshold_Default.h</itemPath>
                    <itemPath>../src/config/default/driver/usb/usbfs/src/templates/usb_SOFThreshold_Unsupported.h</itemPath>
                    <itemPath>../src/config/default/driver/usb/usbfs/src/templates/usb_SpeedControl_Unsupported.h</itemPath>
                    <itemPath>../src/config/default/driver/usb/usbfs/src/templates/usb_StartOfFrames_Default.h</itemPath>
                    <itemPath>../src/config/default/driver/usb/usbfs/src/templates/usb_StartOfFrames_Unsupported.h</itemPath>
                    <itemPath>../src/config/default/driver/usb/usbfs/src/templates/usb_StopInIdle_Default.h</itemPath>
                    <itemPath>../src/config/default/driver/usb/usbfs/src/templates/usb_StopInIdle_Unsupported.h</itemPath>
                    <itemPath>../src/config/default/driver/usb/usbfs/src/templates/usb_Suspend_Default.h</itemPath>
                    <itemPath>../src/config/default/driver/usb/usbfs/src/templates/usb_Suspend_Unsupported.h</itemPath>
                    <itemPath>../src/config/default/driver/usb/usbfs/src/templates/usb_TokenEP_Default.h</itemPath>
                    <itemPath>../src/config/default/driver/usb/usbfs/src/templates/usb_TokenEP_Unsupported.h</itemPath>
                    <itemPath>../src/config/default/driver/usb/usbfs/src/templates/usb_TokenPID_Default.h</itemPath>
                    <itemPath>../src/config/default/driver/usb/usbfs/src/templates/usb_TokenPID_Unsupported.h</itemPath>
                    <itemPath>../src/config/default/driver/usb/usbfs/src/templates/usb_UOEMonitor_Unsupported.h</itemPath>
                  </logicalFolder>
                  <itemPath>../src/config/default/driver/usb/usbfs/src/drv_usbfs_variant_mapping.h</itemPath>
                  <itemPath>../src/config/default/driver/usb/usbfs/src/drv_usbfs_local.h</itemPath>
                  <itemPath>../src/config/default/driver/usb/usbfs/src/plib_usbfs.h</itemPath>
                  <itemPath>../src/config/default/driver/usb/usbfs/src/plib_usbfs_header.h</itemPath>
                  <itemPath>../src/config/default/driver/usb/usbfs/src/usbfs_registers.h</itemPath>
                </logicalFolder>
                <itemPath>../src/config/default/driver/usb/usbfs/drv_usbfs.h</itemPath>
              </logicalFolder>
              <itemPath>../src/config/default/driver/usb/drv_usb.h</itemPath>
              <itemPath>../src/config/default/driver/usb/drv_usb_external_dependencies.h</itemPath>
            </logicalFolder>
            <itemPath>../src/config/default/driver/driver.h</itemPath>
            <itemPath>../src/config/default/driver/driver_common.h</itemPath>
          </logicalFolder>
          <logicalFolder name="f6" displayName="osal" projectFiles="true">
            <itemPath>../src/config/default/osal/osal.h</itemPath>
            <itemPath>../src/config/default/osal/osal_definitions.h</itemPath>
            <itemPath>../src/config/default/osal/osal_freertos.h</itemPath>
          </logicalFolder>
          <logicalFolder name="f2" displayName="peripheral" projectFiles="true">
            <logicalFolder name="f6" displayName="cache" projectFiles="true">
              <itemPath>../src/config/default/peripheral/cache/plib_cache.h</itemPath>
              <itemPath>../src/config/default/peripheral/cache/plib_cache_pic32mz.h</itemPath>
            </logicalFolder>
            <logicalFolder name="f1" displayName="clk" projectFiles="true">
              <itemPath>../src/config/default/peripheral/clk/plib_clk.h</itemPath>
            </logicalFolder>
            <logicalFolder name="f5" displayName="coretimer" projectFiles="true">
              <itemPath>../src/config/default/peripheral/coretimer/plib_coretimer.h</itemPath>
            </logicalFolder>
            <logicalFolder name="f3" displayName="evic" projectFiles="true">
              <itemPath>../src/config/default/peripheral/evic/plib_evic.h</itemPath>
            </logicalFolder>
            <logicalFolder name="f2" displayName="gpio" projectFiles="true">
              <itemPath>../src/config/default/peripheral/gpio/plib_gpio.h</itemPath>
            </logicalFolder>
            <logicalFolder name="f4" displayName="i2c" projectFiles="true">
              <logicalFolder name="f1" displayName="master" projectFiles="true">
                <itemPath>../src/config/default/peripheral/i2c/master/plib_i2c1_master.h</itemPath>
                <itemPath>../src/config/default/peripheral/i2c/master/plib_i2c_master_common.h</itemPath>
              </logicalFolder>
            </logicalFolder>
            <logicalFolder name="f8" displayName="rtcc" projectFiles="true">
              <itemPath>../src/config/default/peripheral/rtcc/plib_rtcc.h</itemPath>
            </logicalFolder>
            <logicalFolder name="f7" displayName="spi" projectFiles="true">
              <logicalFolder name="f1" displayName="spi_master" projectFiles="true">
                <itemPath>../src/config/default/peripheral/spi/spi_master/plib_spi_master_common.h</itemPath>
                <itemPath>../src/config/default/peripheral/spi/spi_master/plib_spi2_master.h</itemPath>
              </logicalFolder>
            </logicalFolder>
          </logicalFolder>
          <logicalFolder name="f5" displayName="system" projectFiles="true">
            <logicalFolder name="f7" displayName="cache" projectFiles="true">
              <itemPath>../src/config/default/system/cache/sys_cache.h</itemPath>
            </logicalFolder>
            <logicalFolder name="f2" displayName="console" projectFiles="true">
              <itemPath>../src/config/default/system/console/sys_console.h</itemPath>
            </logicalFolder>
            <logicalFolder name="f4" displayName="debug" projectFiles="true">
              <itemPath>../src/config/default/system/debug/sys_debug.h</itemPath>
            </logicalFolder>
            <logicalFolder name="f8" displayName="dma" projectFiles="true">
              <itemPath>../src/config/default/system/dma/sys_dma.h</itemPath>
              <itemPath>../src/config/default/system/dma/sys_dma_mapping.h</itemPath>
            </logicalFolder>
            <logicalFolder name="f5" displayName="fs" projectFiles="true">
              <logicalFolder name="f1" displayName="fat_fs" projectFiles="true">
                <logicalFolder name="f1" displayName="file_system" projectFiles="true">
                  <itemPath>../src/config/default/system/fs/fat_fs/file_system/ff.h</itemPath>
                  <itemPath>../src/config/default/system/fs/fat_fs/file_system/ffconf.h</itemPath>
                </logicalFolder>
                <logicalFolder name="f2" displayName="hardware_access" projectFiles="true">
                  <itemPath>../src/config/default/system/fs/fat_fs/hardware_access/diskio.h</itemPath>
                </logicalFolder>
              </logicalFolder>
              <itemPath>../src/config/default/system/fs/sys_fs.h</itemPath>
              <itemPath>../src/config/default/system/fs/src/sys_fs_local.h</itemPath>
              <itemPath>../src/config/default/system/fs/sys_fs_media_manager.h</itemPath>
              <itemPath>../src/config/default/system/fs/src/sys_fs_media_manager_local.h</itemPath>
              <itemPath>../src/config/default/system/fs/sys_fs_fat_interface.h</itemPath>
            </logicalFolder>
            <logicalFolder name="f3" displayName="int" projectFiles="true">
              <itemPath>../src/config/default/system/int/sys_int.h</itemPath>
              <itemPath>../src/config/default/system/int/sys_int_mapping.h</itemPath>
            </logicalFolder>
            <logicalFolder name="f6" displayName="ports" projectFiles="true">
              <itemPath>../src/config/default/system/ports/sys_ports.h</itemPath>
              <itemPath>../src/config/default/system/ports/sys_ports_mapping.h</itemPath>
            </logicalFolder>
            <logicalFolder name="f1" displayName="time" projectFiles="true">
              <itemPath>../src/config/default/system/time/sys_time.h</itemPath>
              <itemPath>../src/config/default/system/time/sys_time_definitions.h</itemPath>
              <itemPath>../src/config/default/system/time/src/sys_time_local.h</itemPath>
            </logicalFolder>
            <itemPath>../src/config/default/system/system.h</itemPath>
            <itemPath>../src/config/default/system/system_common.h</itemPath>
            <itemPath>../src/config/default/system/system_module.h</itemPath>
            <itemPath>../src/config/default/system/system_media.h</itemPath>
          </logicalFolder>
          <logicalFolder name="f3" displayName="usb" projectFiles="true">
            <logicalFolder name="f1" displayName="src" projectFiles="true">
              <itemPath>../src/config/default/usb/src/usb_device_local.h</itemPath>
              <itemPath>../src/config/default/usb/src/usb_device_mapping.h</itemPath>
              <itemPath>../src/config/default/usb/src/usb_device_function_driver.h</itemPath>
              <itemPath>../src/config/default/usb/src/usb_external_dependencies.h</itemPath>
              <itemPath>../src/config/default/usb/src/usb_device_cdc_local.h</itemPath>
            </logicalFolder>
            <itemPath>../src/config/default/usb/usb_device.h</itemPath>
            <itemPath>../src/config/default/usb/usb_common.h</itemPath>
            <itemPath>../src/config/default/usb/usb_chapter_9.h</itemPath>
            <itemPath>../src/config/default/usb/usb_host_client_driver.h</itemPath>
            <itemPath>../src/config/default/usb/usb_host_hub_interface.h</itemPath>
            <itemPath>../src/config/default/usb/usb_host.h</itemPath>
            <itemPath>../src/config/default/usb/usb_hub.h</itemPath>
            <itemPath>../src/config/default/usb/usb_device_cdc.h</itemPath>
            <itemPath>../src/config/default/usb/usb_cdc.h</itemPath>
          </logicalFolder>
          <itemPath>../src/config/default/toolchain_specifics.h</itemPath>
          <itemPath>../src/config/default/definitions.h</itemPath>
          <itemPath>../src/config/default/device.h</itemPath>
          <itemPath>../src/config/default/user.h</itemPath>
          <itemPath>../src/config/default/configuration.h</itemPath>
          <itemPath>../src/config/default/device_cache.h</itemPath>
          <itemPath>../src/config/default/FreeRTOSConfig.h</itemPath>
          <itemPath>../src/config/default/interrupts.h</itemPath>
        </logicalFolder>
      </logicalFolder>
      <logicalFolder name="f2" displayName="FreeRTOS" projectFiles="true">
        <logicalFolder name="f1" displayName="Source" projectFiles="true">
          <logicalFolder name="f1" displayName="include" projectFiles="true">
            <itemPath>../src/third_party/rtos/FreeRTOS/Source/include/croutine.h</itemPath>
            <itemPath>../src/third_party/rtos/FreeRTOS/Source/include/event_groups.h</itemPath>
            <itemPath>../src/third_party/rtos/FreeRTOS/Source/include/FreeRTOS.h</itemPath>
            <itemPath>../src/third_party/rtos/FreeRTOS/Source/include/list.h</itemPath>
            <itemPath>../src/third_party/rtos/FreeRTOS/Source/include/mpu_wrappers.h</itemPath>
            <itemPath>../src/third_party/rtos/FreeRTOS/Source/include/portable.h</itemPath>
            <itemPath>../src/third_party/rtos/FreeRTOS/Source/include/projdefs.h</itemPath>
            <itemPath>../src/third_party/rtos/FreeRTOS/Source/include/queue.h</itemPath>
            <itemPath>../src/third_party/rtos/FreeRTOS/Source/include/semphr.h</itemPath>
            <itemPath>../src/third_party/rtos/FreeRTOS/Source/include/stack_macros.h</itemPath>
            <itemPath>../src/third_party/rtos/FreeRTOS/Source/include/deprecated_definitions.h</itemPath>
            <itemPath>../src/third_party/rtos/FreeRTOS/Source/include/task.h</itemPath>
            <itemPath>../src/third_party/rtos/FreeRTOS/Source/include/timers.h</itemPath>
            <itemPath>../src/third_party/rtos/FreeRTOS/Source/include/mpu_prototypes.h</itemPath>
            <itemPath>../src/third_party/rtos/FreeRTOS/Source/include/stream_buffer.h</itemPath>
            <itemPath>../src/third_party/rtos/FreeRTOS/Source/include/message_buffer.h</itemPath>
          </logicalFolder>
          <logicalFolder name="f2" displayName="portable" projectFiles="true">
            <logicalFolder name="f1" displayName="MPLAB" projectFiles="true">
              <logicalFolder name="f1" displayName="PIC32MZ" projectFiles="true">
                <itemPath>../src/third_party/rtos/FreeRTOS/Source/portable/MPLAB/PIC32MZ/portmacro.h</itemPath>
                <itemPath>../src/third_party/rtos/FreeRTOS/Source/portable/MPLAB/PIC32MZ/ISR_Support.h</itemPath>
              </logicalFolder>
            </logicalFolder>
          </logicalFolder>
        </logicalFolder>
      </logicalFolder>
      <itemPath>../src/app_sensor.h</itemPath>
      <itemPath>../src/app_sdcard.h</itemPath>
      <itemPath>../src/app_usb.h</itemPath>
    </logicalFolder>
    <logicalFolder name="LinkerScript"
                   displayName="Linker Files"
                   projectFiles="true">
      <logicalFolder name="f1" displayName="config" projectFiles="true">
        <logicalFolder name="f1" displayName="default" projectFiles="true">
          <itemPath>../src/config/default/p32MZ1025W104132.ld</itemPath>
        </logicalFolder>
      </logicalFolder>
    </logicalFolder>
    <logicalFolder name="SourceFiles"
                   displayName="Source Files"
                   projectFiles="true">
      <logicalFolder name="f1" displayName="config" projectFiles="true">
        <logicalFolder name="f1" displayName="default" projectFiles="true">
          <logicalFolder name="f1" displayName="bsp" projectFiles="true">
            <itemPath>../src/config/default/bsp/bsp.c</itemPath>
          </logicalFolder>
          <logicalFolder name="f5" displayName="driver" projectFiles="true">
            <logicalFolder name="f1" displayName="i2c" projectFiles="true">
              <itemPath>../src/config/default/driver/i2c/src/drv_i2c.c</itemPath>
              <itemPath>../src/config/default/driver/i2c/src/drv_i2c_local.h</itemPath>
            </logicalFolder>
            <logicalFolder name="f3" displayName="sdspi" projectFiles="true">
              <itemPath>../src/config/default/driver/sdspi/src/drv_sdspi.c</itemPath>
              <itemPath>../src/config/default/driver/sdspi/src/drv_sdspi_plib_interface.c</itemPath>
              <itemPath>../src/config/default/driver/sdspi/src/drv_sdspi_file_system.c</itemPath>
            </logicalFolder>
            <logicalFolder name="f2" displayName="usb" projectFiles="true">
              <logicalFolder name="f1" displayName="usbfs" projectFiles="true">
                <logicalFolder name="f1" displayName="src" projectFiles="true">
                  <itemPath>../src/config/default/driver/usb/usbfs/src/drv_usbfs.c</itemPath>
                  <itemPath>../src/config/default/driver/usb/usbfs/src/drv_usbfs_device.c</itemPath>
                </logicalFolder>
              </logicalFolder>
            </logicalFolder>
          </logicalFolder>
          <logicalFolder name="f7" displayName="osal" projectFiles="true">
            <itemPath>../src/config/default/osal/osal_freertos.c</itemPath>
          </logicalFolder>
          <logicalFolder name="f3" displayName="peripheral" projectFiles="true">
            <logicalFolder name="f6" displayName="cache" projectFiles="true">
              <itemPath>../src/config/default/peripheral/cache/plib_cache_local.h</itemPath>
              <itemPath>../src/config/default/peripheral/cache/plib_cache.c</itemPath>
              <itemPath>../src/config/default/peripheral/cache/plib_cache_pic32mz.S</itemPath>
            </logicalFolder>
            <logicalFolder name="f1" displayName="clk" projectFiles="true">
              <itemPath>../src/config/default/peripheral/clk/plib_clk.c</itemPath>
            </logicalFolder>
            <logicalFolder name="f5" displayName="coretimer" projectFiles="true">
              <itemPath>../src/config/default/peripheral/coretimer/plib_coretimer.c</itemPath>
            </logicalFolder>
            <logicalFolder name="f3" displayName="evic" projectFiles="true">
              <itemPath>../src/config/default/peripheral/evic/plib_evic.c</itemPath>
            </logicalFolder>
            <logicalFolder name="f2" displayName="gpio" projectFiles="true">
              <itemPath>../src/config/default/peripheral/gpio/plib_gpio.c</itemPath>
            </logicalFolder>
            <logicalFolder name="f4" displayName="i2c" projectFiles="true">
              <logicalFolder name="f1" displayName="master" projectFiles="true">
                <itemPath>../src/config/default/peripheral/i2c/master/plib_i2c1_master.c</itemPath>
              </logicalFolder>
            </logicalFolder>
            <logicalFolder name="f8" displayName="rtcc" projectFiles="true">
              <itemPath>../src/config/default/peripheral/rtcc/plib_rtcc.c</itemPath>
            </logicalFolder>
            <logicalFolder name="f7" displayName="spi" projectFiles="true">
              <logicalFolder name="f1" displayName="spi_master" projectFiles="true">
                <itemPath>../src/config/default/peripheral/spi/spi_master/plib_spi2_master.c</itemPath>
              </logicalFolder>
            </logicalFolder>
          </logicalFolder>
          <logicalFolder name="f2" displayName="stdio" projectFiles="true">
            <itemPath>../src/config/default/stdio/xc32_monitor.c</itemPath>
          </logicalFolder>
          <logicalFolder name="f6" displayName="system" projectFiles="true">
            <logicalFolder name="f6" displayName="cache" projectFiles="true">
              <itemPath>../src/config/default/system/cache/sys_cache.c</itemPath>
            </logicalFolder>
            <logicalFolder name="f3" displayName="console" projectFiles="true">
              <itemPath>../src/config/default/system/console/src/sys_console.c</itemPath>
              <itemPath>../src/config/default/system/console/src/sys_console_local.h</itemPath>
              <itemPath>../src/config/default/system/console/src/sys_console_usb_cdc.h</itemPath>
              <itemPath>../src/config/default/system/console/src/sys_console_usb_cdc_definitions.h</itemPath>
              <itemPath>../src/config/default/system/console/src/sys_console_usb_cdc.c</itemPath>
            </logicalFolder>
            <logicalFolder name="f1" displayName="debug" projectFiles="true">
              <itemPath>../src/config/default/system/debug/src/sys_debug_local.h</itemPath>
              <itemPath>../src/config/default/system/debug/src/sys_debug.c</itemPath>
            </logicalFolder>
            <logicalFolder name="f7" displayName="dma" projectFiles="true">
              <itemPath>../src/config/default/system/dma/sys_dma.c</itemPath>
            </logicalFolder>
            <logicalFolder name="f5" displayName="fs" projectFiles="true">
              <logicalFolder name="f1" displayName="fat_fs" projectFiles="true">
                <logicalFolder name="f1" displayName="file_system" projectFiles="true">
                  <itemPath>../src/config/default/system/fs/fat_fs/file_system/ff.c</itemPath>
                  <itemPath>../src/config/default/system/fs/fat_fs/file_system/ffunicode.c</itemPath>
                </logicalFolder>
                <logicalFolder name="f2" displayName="hardware_access" projectFiles="true">
                  <itemPath>../src/config/default/system/fs/fat_fs/hardware_access/diskio.c</itemPath>
                </logicalFolder>
              </logicalFolder>
              <itemPath>../src/config/default/system/fs/src/sys_fs.c</itemPath>
              <itemPath>../src/config/default/system/fs/src/sys_fs_media_manager.c</itemPath>
              <itemPath>../src/config/default/system/fs/src/sys_fs_fat_interface.c</itemPath>
            </logicalFolder>
            <logicalFolder name="f4" displayName="int" projectFiles="true">
              <itemPath>../src/config/default/system/int/src/sys_int.c</itemPath>
            </logicalFolder>
            <logicalFolder name="f2" displayName="time" projectFiles="true">
              <itemPath>../src/config/default/system/time/src/sys_time.c</itemPath>
            </logicalFolder>
          </logicalFolder>
          <logicalFolder name="f4" displayName="usb" projectFiles="true">
            <logicalFolder name="f1" displayName="src" projectFiles="true">
              <itemPath>../src/config/default/usb/src/usb_device.c</itemPath>
              <itemPath>../src/config/default/usb/src/usb_device_cdc.c</itemPath>
              <itemPath>../src/config/default/usb/src/usb_device_cdc_acm.c</itemPath>
            </logicalFolder>
          </logicalFolder>
          <itemPath>../src/config/default/initialization.c</itemPath>
          <itemPath>../src/config/default/interrupts.c</itemPath>
          <itemPath>../src/config/default/exceptions.c</itemPath>
          <itemPath>../src/config/default/system_pmu_mldo_trim.c</itemPath>
          <itemPath>../src/config/default/usb_device_init_data.c</itemPath>
          <itemPath>../src/config/default/tasks.c</itemPath>
          <itemPath>../src/config/default/interrupts_a.S</itemPath>
          <itemPath>../src/config/default/freertos_hooks.c</itemPath>
        </logicalFolder>
      </logicalFolder>
      <logicalFolder name="f2" displayName="FreeRTOS" projectFiles="true">
        <logicalFolder name="f1" displayName="Source" projectFiles="true">
          <logicalFolder name="f1" displayName="portable" projectFiles="true">
            <logicalFolder name="f1" displayName="MemMang" projectFiles="true">
              <itemPath>../src/third_party/rtos/FreeRTOS/Source/portable/MemMang/heap_1.c</itemPath>
            </logicalFolder>
            <logicalFolder name="f2" displayName="MPLAB" projectFiles="true">
              <logicalFolder name="f1" displayName="PIC32MZ" projectFiles="true">
                <itemPath>../src/third_party/rtos/FreeRTOS/Source/portable/MPLAB/PIC32MZ/port.c</itemPath>
                <itemPath>../src/third_party/rtos/FreeRTOS/Source/portable/MPLAB/PIC32MZ/port_asm.S</itemPath>
              </logicalFolder>
            </logicalFolder>
          </logicalFolder>
          <itemPath>../src/third_party/rtos/FreeRTOS/Source/croutine.c</itemPath>
          <itemPath>../src/third_party/rtos/FreeRTOS/Source/list.c</itemPath>
          <itemPath>../src/third_party/rtos/FreeRTOS/Source/queue.c</itemPath>
          <itemPath>../src/third_party/rtos/FreeRTOS/Source/FreeRTOS_tasks.c</itemPath>
          <itemPath>../src/third_party/rtos/FreeRTOS/Source/timers.c</itemPath>
          <itemPath>../src/third_party/rtos/FreeRTOS/Source/event_groups.c</itemPath>
          <itemPath>../src/third_party/rtos/FreeRTOS/Source/stream_buffer.c</itemPath>
        </logicalFolder>
      </logicalFolder>
      <itemPath>../src/main.c</itemPath>
      <itemPath>../src/app_sensor.c</itemPath>
      <itemPath>../src/app_sdcard.c</itemPath>
      <itemPath>../src/app_usb.c</itemPath>
    </logicalFolder>
    <logicalFolder name="ExternalFiles"
                   displayName="Important Files"
                   projectFiles="false">
      <logicalFolder name="f1" displayName="default.mhc" projectFiles="true">
        <itemPath>../src/config/default/default.mhc/BSP_PIC32MZ_W1_Curiosity.yml</itemPath>
        <itemPath>../src/config/default/default.mhc/core.yml</itemPath>
        <itemPath>../src/config/default/default.mhc/core_timer.yml</itemPath>
        <itemPath>../src/config/default/default.mhc/dfp.yml</itemPath>
        <itemPath>../src/config/default/default.mhc/drv_i2c.yml</itemPath>
        <itemPath>../src/config/default/default.mhc/drv_sdspi.yml</itemPath>
        <itemPath>../src/config/default/default.mhc/drv_usbfs_v1.yml</itemPath>
        <itemPath>../src/config/default/default.mhc/FreeRTOS.yml</itemPath>
        <itemPath>../src/config/default/default.mhc/GraphSettings.yml</itemPath>
        <itemPath>../src/config/default/default.mhc/HarmonyCore.yml</itemPath>
        <itemPath>../src/config/default/default.mhc/i2c1.yml</itemPath>
        <itemPath>../src/config/default/default.mhc/project.yml</itemPath>
        <itemPath>../src/config/default/default.mhc/rtcc.yml</itemPath>
        <itemPath>../src/config/default/default.mhc/settings.yml</itemPath>
        <itemPath>../src/config/default/default.mhc/spi2.yml</itemPath>
        <itemPath>../src/config/default/default.mhc/sys_console.yml</itemPath>
        <itemPath>../src/config/default/default.mhc/sys_debug.yml</itemPath>
        <itemPath>../src/config/default/default.mhc/sys_fs.yml</itemPath>
        <itemPath>../src/config/default/default.mhc/sys_time.yml</itemPath>
        <itemPath>../src/config/default/default.mhc/usb_device.yml</itemPath>
        <itemPath>../src/config/default/default.mhc/usb_device_cdc.yml</itemPath>
      </logicalFolder>
      <itemPath>Makefile</itemPath>
      <itemPath>../src/config/default/harmony-manifest-success.yml</itemPath>
    </logicalFolder>
  </logicalFolder>
  <sourceRootList>
    <Elem>../src</Elem>
  </sourceRootList>
  <projectmakefile>Makefile</projectmakefile>
  <confs>
    <conf name="default" type="2">
      <toolsSet>
        <developmentServer>localhost</developmentServer>
        <targetDevice>PIC32MZ1025W104132</targetDevice>
        <targetHeader></targetHeader>
        <targetPluginBoard></targetPluginBoard>
        <platformTool>ICD4Tool</platformTool>
        <languageToolchain>XC32</languageToolchain>
        <languageToolchainVersion>3.01</languageToolchainVersion>
        <platform>3</platform>
      </toolsSet>
      <packs>
        <pack name="PIC32MZ-W_DFP" vendor="Microchip" version="1.4.193"/>
      </packs>
      <ScriptingSettings>
      </ScriptingSettings>
      <compileType>
        <linkerTool>
          <linkerLibItems>
          </linkerLibItems>
        </linkerTool>
        <archiverTool>
        </archiverTool>
        <loading>
          <useAlternateLoadableFile>false</useAlternateLoadableFile>
          <parseOnProdLoad>false</parseOnProdLoad>
          <alternateLoadableFile></alternateLoadableFile>
        </loading>
        <subordinates>
        </subordinates>
      </compileType>
      <makeCustomizationType>
        <makeCustomizationPreStepEnabled>false</makeCustomizationPreStepEnabled>
        <makeUseCleanTarget>false</makeUseCleanTarget>
        <makeCustomizationPreStep></makeCustomizationPreStep>
        <makeCustomizationPostStepEnabled>false</makeCustomizationPostStepEnabled>
        <makeCustomizationPostStep></makeCustomizationPostStep>
        <makeCustomizationPutChecksumInUserID>false</makeCustomizationPutChecksumInUserID>
        <makeCustomizationEnableLongLines>false</makeCustomizationEnableLongLines>
        <makeCustomizationNormalizeHexFile>false</makeCustomizationNormalizeHexFile>
      </makeCustomizationType>
      <C32>
        <property key="additional-warnings" value="true"/>
        <property key="addresss-attribute-use" value="false"/>
        <property key="enable-app-io" value="false"/>
        <property key="enable-omit-frame-pointer" value="false"/>
        <property key="enable-symbols" value="true"/>
        <property key="enable-unroll-loops" value="false"/>
        <property key="exclude-floating-point" value="false"/>
        <property key="extra-include-directories"
                  value="../src;../src/config/default;../src/config/default/system/fs/fat_fs/file_system;../src/config/default/system/fs/fat_fs/hardware_access;../src/packs/PIC32MZ1025W104132_DFP;../src/third_party/rtos/FreeRTOS/Source/include;../src/third_party/rtos/FreeRTOS/Source/portable/MPLAB/PIC32MZ"/>
        <property key="generate-16-bit-code" value="false"/>
        <property key="generate-micro-compressed-code" value="false"/>
        <property key="isolate-each-function" value="true"/>
        <property key="make-warnings-into-errors" value="true"/>
        <property key="optimization-level" value="-O1"/>
        <property key="place-data-into-section" value="false"/>
        <property key="post-instruction-scheduling" value="default"/>
        <property key="pre-instruction-scheduling" value="default"/>
        <property key="preprocessor-macros" value=""/>
        <property key="strict-ansi" value="false"/>
        <property key="support-ansi" value="false"/>
        <property key="tentative-definitions" value="-fno-common"/>
        <property key="toplevel-reordering" value=""/>
        <property key="unaligned-access" value=""/>
        <property key="use-cci" value="false"/>
        <property key="use-iar" value="false"/>
        <property key="use-indirect-calls" value="false"/>
      </C32>
      <C32-AR>
        <property key="additional-options-chop-files" value="false"/>
      </C32-AR>
      <C32-AS>
        <property key="assembler-symbols" value=""/>
        <property key="enable-symbols" value="true"/>
        <property key="exclude-floating-point-library" value="false"/>
        <property key="expand-macros" value="false"/>
        <property key="extra-include-directories-for-assembler"
                  value="../src/config/default;../src/third_party/rtos/FreeRTOS/Source/include;../src/third_party/rtos/FreeRTOS/Source/portable/MPLAB/PIC32MZ"/>
        <property key="extra-include-directories-for-preprocessor"
                  value="../src/config/default;../src/third_party/rtos/FreeRTOS/Source/include;../src/third_party/rtos/FreeRTOS/Source/portable/MPLAB/PIC32MZ"/>
        <property key="false-conditionals" value="false"/>
        <property key="generate-16-bit-code" value="false"/>
        <property key="generate-micro-compressed-code" value="false"/>
        <property key="keep-locals" value="false"/>
        <property key="list-assembly" value="false"/>
        <property key="list-source" value="false"/>
        <property key="list-symbols" value="false"/>
        <property key="oXC32asm-list-to-file" value="false"/>
        <property key="omit-debug-dirs" value="false"/>
        <property key="omit-forms" value="false"/>
        <property key="preprocessor-macros" value=""/>
        <property key="warning-level" value=""/>
      </C32-AS>
      <C32-CO>
        <property key="coverage-enable" value=""/>
        <property key="stack-guidance" value="false"/>
      </C32-CO>
      <C32-LD>
        <property key="additional-options-use-response-files" value="false"/>
        <property key="additional-options-write-sla" value="false"/>
        <property key="allocate-dinit" value="false"/>
        <property key="code-dinit" value="false"/>
        <property key="ebase-addr" value=""/>
        <property key="enable-check-sections" value="false"/>
        <property key="exclude-floating-point-library" value="false"/>
        <property key="exclude-standard-libraries" value="false"/>
        <property key="extra-lib-directories" value=""/>
        <property key="fill-flash-options-addr" value=""/>
        <property key="fill-flash-options-const" value=""/>
        <property key="fill-flash-options-how" value="0"/>
        <property key="fill-flash-options-inc-const" value="1"/>
        <property key="fill-flash-options-increment" value=""/>
        <property key="fill-flash-options-seq" value=""/>
        <property key="fill-flash-options-what" value="0"/>
        <property key="generate-16-bit-code" value="false"/>
        <property key="generate-cross-reference-file" value="false"/>
        <property key="generate-micro-compressed-code" value="false"/>
        <property key="heap-size" value="512"/>
        <property key="input-libraries" value=""/>
        <property key="kseg-length" value=""/>
        <property key="kseg-origin" value=""/>
        <property key="linker-symbols" value=""/>
        <property key="map-file" value="${DISTDIR}/${PROJECTNAME}.${IMAGE_TYPE}.map"/>
        <property key="no-device-startup-code" value="true"/>
        <property key="no-startup-files" value="false"/>
        <property key="oXC32ld-extra-opts" value=""/>
        <property key="optimization-level" value=""/>
        <property key="preprocessor-macros" value=""/>
        <property key="remove-unused-sections" value="true"/>
        <property key="report-memory-usage" value="false"/>
        <property key="serial-length" value=""/>
        <property key="serial-origin" value=""/>
        <property key="stack-size" value=""/>
        <property key="symbol-stripping" value=""/>
        <property key="trace-symbols" value=""/>
        <property key="warn-section-align" value="false"/>
      </C32-LD>
      <C32CPP>
        <property key="additional-warnings" value="false"/>
        <property key="addresss-attribute-use" value="false"/>
        <property key="check-new" value="false"/>
        <property key="eh-specs" value="true"/>
        <property key="enable-app-io" value="false"/>
        <property key="enable-omit-frame-pointer" value="false"/>
        <property key="enable-symbols" value="true"/>
        <property key="enable-unroll-loops" value="false"/>
        <property key="exceptions" value="true"/>
        <property key="exclude-floating-point" value="false"/>
        <property key="extra-include-directories"
                  value="../src;../src/config/default;../src/config/default/system/fs/fat_fs/file_system;../src/config/default/system/fs/fat_fs/hardware_access;../src/packs/PIC32MZ1025W104132_DFP;../src/third_party/rtos/FreeRTOS/Source/include;../src/third_party/rtos/FreeRTOS/Source/portable/MPLAB/PIC32MZ"/>
        <property key="generate-16-bit-code" value="false"/>
        <property key="generate-micro-compressed-code" value="false"/>
        <property key="isolate-each-function" value="true"/>
        <property key="make-warnings-into-errors" value="false"/>
        <property key="optimization-level" value="-O1"/>
        <property key="place-data-into-section" value="false"/>
        <property key="post-instruction-scheduling" value="default"/>
        <property key="pre-instruction-scheduling" value="default"/>
        <property key="preprocessor-macros" value=""/>
        <property key="rtti" value="true"/>
        <property key="strict-ansi" value="false"/>
        <property key="toplevel-reordering" value=""/>
        <property key="unaligned-access" value=""/>
        <property key="use-cci" value="false"/>
        <property key="use-iar" value="false"/>
        <property key="use-indirect-calls" value="false"/>
      </C32CPP>
      <C32Global>
        <property key="common-include-directories" value=""/>
        <property key="gp-relative-option" value=""/>
        <property key="legacy-libc" value="false"/>
        <property key="mdtcm" value=""/>
        <property key="mitcm" value=""/>
        <property key="mstacktcm" value="false"/>
        <property key="omit-pack-options" value="1"/>
        <property key="relaxed-math" value="false"/>
        <property key="save-temps" value="false"/>
        <property key="stack-smashing" value=""/>
        <property key="wpo-lto" value="false"/>
      </C32Global>
      <ICD4Tool>
        <property key="ADC" value="true"/>
        <property key="AutoSelectMemRanges" value="auto"/>
        <property key="CAN1" value="true"/>
        <property key="CANFD2" value="true"/>
        <property key="CHANGE NOTICE A" value="true"/>
        <property key="CHANGE NOTICE B" value="true"/>
        <property key="CHANGE NOTICE C" value="true"/>
        <property key="CHANGE NOTICE K" value="true"/>
        <property key="CLOCK CONTROL LVDCON" value="true"/>
        <property key="DMA" value="true"/>
        <property key="ETHERNET CONTROLLER" value="true"/>
        <property key="Freeze All Other Peripherals" value="true"/>
        <property key="I2C 1" value="true"/>
        <property key="I2C 2" value="true"/>
        <property key="INPUT CAPTURE 1" value="true"/>
        <property key="INPUT CAPTURE 2" value="true"/>
        <property key="INPUT CAPTURE 3" value="true"/>
        <property key="INPUT CAPTURE 4" value="true"/>
        <property key="INTERRUPT CONTROL" value="true"/>
        <property key="OUTPUT COMPARE 1" value="true"/>
        <property key="OUTPUT COMPARE 2" value="true"/>
        <property key="OUTPUT COMPARE 3" value="true"/>
        <property key="OUTPUT COMPARE 4" value="true"/>
        <property key="REAL TIME CLOCK" value="true"/>
        <property key="REFERENCE CLOCK 1" value="true"/>
        <property key="SPI/I2S 1" value="true"/>
        <property key="SPI/I2S 2" value="true"/>
        <property key="SecureSegment.SegmentProgramming" value="FullChipProgramming"/>
        <property key="TIMER1" value="true"/>
        <property key="TIMER2" value="true"/>
        <property key="TIMER3" value="true"/>
        <property key="TIMER4" value="true"/>
        <property key="TIMER5" value="true"/>
        <property key="TIMER6" value="true"/>
        <property key="TIMER7" value="true"/>
        <property key="ToolFirmwareFilePath"
                  value="Press to browse for a specific firmware version"/>
        <property key="ToolFirmwareOption.UpdateOptions"
                  value="ToolFirmwareOption.UseLatest"/>
        <property key="ToolFirmwareToolPack"
                  value="Press to select which tool pack to use"/>
        <property key="UART1" value="true"/>
        <property key="UART2" value="true"/>
        <property key="UART3" value="true"/>
        <property key="communication.interface.jtag" value="2wire"/>
        <property key="debugoptions.simultaneous.debug" value="false"/>
        <property key="debugoptions.useswbreakpoints" value="false"/>
        <property key="hwtoolclock.frcindebug" value="false"/>
        <property key="memories.aux" value="false"/>
        <property key="memories.bootflash" value="true"/>
        <property key="memories.configurationmemory" value="true"/>
        <property key="memories.configurationmemory2" value="true"/>
        <property key="memories.dataflash" value="true"/>
        <property key="memories.eeprom" value="true"/>
        <property key="memories.exclude.configurationmemory" value="true"/>
        <property key="memories.flashdata" value="true"/>
        <property key="memories.id" value="true"/>
        <property key="memories.instruction.ram.ranges"
                  value="${memories.instruction.ram.ranges}"/>
        <property key="memories.programmemory" value="true"/>
        <property key="memories.programmemory.ranges" value="10000000-100fffff"/>
        <property key="poweroptions.powerenable" value="false"/>
        <property key="programoptions.donoteraseauxmem" value="false"/>
        <property key="programoptions.eraseb4program" value="true"/>
        <property key="programoptions.ledbrightness" value="5"/>
        <property key="programoptions.pgcconfig" value="pull down"/>
        <property key="programoptions.pgcresistor.value" value="4.7"/>
        <property key="programoptions.pgdconfig" value="pull down"/>
        <property key="programoptions.pgdresistor.value" value="4.7"/>
        <property key="programoptions.pgmentry.voltage" value="low"/>
        <property key="programoptions.pgmspeed" value="Med"/>
        <property key="programoptions.preservedataflash" value="false"/>
        <property key="programoptions.preservedataflash.ranges"
                  value="${memories.dataflash.default}"/>
        <property key="programoptions.preserveeeprom" value="false"/>
        <property key="programoptions.preserveeeprom.ranges" value=""/>
        <property key="programoptions.preserveprogram.ranges" value=""/>
        <property key="programoptions.preserveprogramrange" value="false"/>
        <property key="programoptions.preserveuserid" value="false"/>
        <property key="programoptions.programcalmem" value="false"/>
        <property key="programoptions.programuserotp" value="false"/>
        <property key="programoptions.testmodeentrymethod" value="VDDFirst"/>
        <property key="toolpack.updateoptions"
                  value="toolpack.updateoptions.uselatestoolpack"/>
        <property key="toolpack.updateoptions.packversion"
                  value="Press to select which tool pack to use"/>
        <property key="voltagevalue" value="3.25"/>
      </ICD4Tool>
      <PICkit3PlatformTool>
        <property key="ADC" value="true"/>
        <property key="AutoSelectMemRanges" value="auto"/>
        <property key="CAN1" value="true"/>
        <property key="CANFD2" value="true"/>
        <property key="CHANGE NOTICE A" value="true"/>
        <property key="CHANGE NOTICE B" value="true"/>
        <property key="CHANGE NOTICE C" value="true"/>
        <property key="CHANGE NOTICE K" value="true"/>
        <property key="CLOCK CONTROL LVDCON" value="true"/>
        <property key="DMA" value="true"/>
        <property key="ETHERNET CONTROLLER" value="true"/>
        <property key="Freeze All Other Peripherals" value="true"/>
        <property key="I2C 1" value="true"/>
        <property key="I2C 2" value="true"/>
        <property key="INPUT CAPTURE 1" value="true"/>
        <property key="INPUT CAPTURE 2" value="true"/>
        <property key="INPUT CAPTURE 3" value="true"/>
        <property key="INPUT CAPTURE 4" value="true"/>
        <property key="INTERRUPT CONTROL" value="true"/>
        <property key="OUTPUT COMPARE 1" value="true"/>
        <property key="OUTPUT COMPARE 2" value="true"/>
        <property key="OUTPUT COMPARE 3" value="true"/>
        <property key="OUTPUT COMPARE 4" value="true"/>
        <property key="REAL TIME CLOCK" value="true"/>
        <property key="REFERENCE CLOCK 1" value="true"/>
        <property key="SPI/I2S 1" value="true"/>
        <property key="SPI/I2S 2" value="true"/>
        <property key="SecureSegment.SegmentProgramming" value="FullChipProgramming"/>
        <property key="TIMER1" value="true"/>
        <property key="TIMER2" value="true"/>
        <property key="TIMER3" value="true"/>
        <property key="TIMER4" value="true"/>
        <property key="TIMER5" value="true"/>
        <property key="TIMER6" value="true"/>
        <property key="TIMER7" value="true"/>
        <property key="ToolFirmwareFilePath"
                  value="Press to browse for a specific firmware version"/>
        <property key="ToolFirmwareOption.UseLatestFirmware" value="true"/>
        <property key="UART1" value="true"/>
        <property key="UART2" value="true"/>
        <property key="UART3" value="true"/>
        <property key="debugoptions.useswbreakpoints" value="false"/>
        <property key="hwtoolclock.frcindebug" value="false"/>
        <property key="memories.aux" value="false"/>
        <property key="memories.bootflash" value="true"/>
        <property key="memories.configurationmemory" value="true"/>
        <property key="memories.configurationmemory2" value="true"/>
        <property key="memories.dataflash" value="true"/>
        <property key="memories.eeprom" value="true"/>
        <property key="memories.flashdata" value="true"/>
        <property key="memories.id" value="true"/>
        <property key="memories.instruction.ram" value="true"/>
        <property key="memories.instruction.ram.ranges"
                  value="${memories.instruction.ram.ranges}"/>
        <property key="memories.programmemory" value="true"/>
        <property key="memories.programmemory.ranges" value="1d000000-1d003fff"/>
        <property key="poweroptions.powerenable" value="false"/>
        <property key="programmertogo.imagename" value=""/>
        <property key="programoptions.donoteraseauxmem" value="false"/>
        <property key="programoptions.eraseb4program" value="true"/>
        <property key="programoptions.pgmspeed" value="2"/>
        <property key="programoptions.preservedataflash" value="false"/>
        <property key="programoptions.preservedataflash.ranges"
                  value="${programoptions.preservedataflash.ranges}"/>
        <property key="programoptions.preserveeeprom" value="false"/>
        <property key="programoptions.preserveeeprom.ranges" value=""/>
        <property key="programoptions.preserveprogram.ranges" value=""/>
        <property key="programoptions.preserveprogramrange" value="false"/>
        <property key="programoptions.preserveuserid" value="false"/>
        <property key="programoptions.programcalmem" value="false"/>
        <property key="programoptions.programuserotp" value="false"/>
        <property key="programoptions.testmodeentrymethod" value="VPPFirst"/>
        <property key="programoptions.usehighvoltageonmclr" value="false"/>
        <property key="programoptions.uselvpprogramming" value="false"/>
        <property key="voltagevalue" value="3.25"/>
      </PICkit3PlatformTool>
      <Tool>
        <property key="ADC" value="true"/>
        <property key="AutoSelectMemRanges" value="auto"/>
        <property key="CAN1" value="true"/>
        <property key="CANFD2" value="true"/>
        <property key="CHANGE NOTICE A" value="true"/>
        <property key="CHANGE NOTICE B" value="true"/>
        <property key="CHANGE NOTICE C" value="true"/>
        <property key="CHANGE NOTICE K" value="true"/>
        <property key="CLOCK CONTROL LVDCON" value="true"/>
        <property key="DMA" value="true"/>
        <property key="ETHERNET CONTROLLER" value="true"/>
        <property key="Freeze All Other Peripherals" value="true"/>
        <property key="I2C 1" value="true"/>
        <property key="I2C 2" value="true"/>
        <property key="INPUT CAPTURE 1" value="true"/>
        <property key="INPUT CAPTURE 2" value="true"/>
        <property key="INPUT CAPTURE 3" value="true"/>
        <property key="INPUT CAPTURE 4" value="true"/>
        <property key="INTERRUPT CONTROL" value="true"/>
        <property key="OUTPUT COMPARE 1" value="true"/>
        <property key="OUTPUT COMPARE 2" value="true"/>
        <property key="OUTPUT COMPARE 3" value="true"/>
        <property key="OUTPUT COMPARE 4" value="true"/>
        <property key="REAL TIME CLOCK" value="true"/>
        <property key="REFERENCE CLOCK 1" value="true"/>
        <property key="SPI/I2S 1" value="true"/>
        <property key="SPI/I2S 2" value="true"/>
        <property key="SecureSegment.SegmentProgramming" value="FullChipProgramming"/>
        <property key="TIMER1" value="true"/>
        <property key="TIMER2" value="true"/>
        <property key="TIMER3" value="true"/>
        <property key="TIMER4" value="true"/>
        <property key="TIMER5" value="true"/>
        <property key="TIMER6" value="true"/>
        <property key="TIMER7" value="true"/>
        <property key="ToolFirmwareFilePath"
                  value="Press to browse for a specific firmware version"/>
        <property key="ToolFirmwareOption.UpdateOptions"
                  value="ToolFirmwareOption.UseLatest"/>
        <property key="ToolFirmwareToolPack"
                  value="Press to select which tool pack to use"/>
        <property key="UART1" value="true"/>
        <property key="UART2" value="true"/>
        <property key="UART3" value="true"/>
        <property key="communication.interface.jtag" value="2wire"/>
        <property key="debugoptions.simultaneous.debug" value="false"/>
        <property key="debugoptions.useswbreakpoints" value="false"/>
        <property key="hwtoolclock.frcindebug" value="false"/>
        <property key="memories.aux" value="false"/>
        <property key="memories.bootflash" value="true"/>
        <property key="memories.configurationmemory" value="true"/>
        <property key="memories.configurationmemory2" value="true"/>
        <property key="memories.dataflash" value="true"/>
        <property key="memories.eeprom" value="true"/>
        <property key="memories.exclude.configurationmemory" value="true"/>
        <property key="memories.flashdata" value="true"/>
        <property key="memories.id" value="true"/>
        <property key="memories.instruction.ram.ranges"
                  value="${memories.instruction.ram.ranges}"/>
        <property key="memories.programmemory" value="true"/>
        <property key="memories.programmemory.ranges" value="10000000-100fffff"/>
        <property key="poweroptions.powerenable" value="false"/>
        <property key="programmerToGoFilePath"
                  value="C:/Users/m16946/HarmonyProjects/PIC32_WFI32E/firmware/pic32_wfi32e_lab3.X/debug/default/pic32_wfi32e_lab3_ptg"/>
        <property key="programoptions.donoteraseauxmem" value="false"/>
        <property key="programoptions.eraseb4program" value="true"/>
        <property key="programoptions.ledbrightness" value="5"/>
        <property key="programoptions.pgcconfig" value="pull down"/>
        <property key="programoptions.pgcresistor.value" value="4.7"/>
        <property key="programoptions.pgdconfig" value="pull down"/>
        <property key="programoptions.pgdresistor.value" value="4.7"/>
        <property key="programoptions.pgmentry.voltage" value="low"/>
        <property key="programoptions.pgmspeed" value="Med"/>
        <property key="programoptions.preservedataflash" value="false"/>
        <property key="programoptions.preservedataflash.ranges"
                  value="${memories.dataflash.default}"/>
        <property key="programoptions.preserveeeprom" value="false"/>
        <property key="programoptions.preserveeeprom.ranges" value=""/>
        <property key="programoptions.preserveprogram.ranges" value=""/>
        <property key="programoptions.preserveprogramrange" value="false"/>
        <property key="programoptions.preserveuserid" value="false"/>
        <property key="programoptions.programcalmem" value="false"/>
        <property key="programoptions.programuserotp" value="false"/>
        <property key="programoptions.testmodeentrymethod" value="VDDFirst"/>
        <property key="toolpack.updateoptions"
                  value="toolpack.updateoptions.uselatestoolpack"/>
        <property key="toolpack.updateoptions.packversion"
                  value="Press to select which tool pack to use"/>
        <property key="voltagevalue" value="3.25"/>
      </Tool>
    </conf>
  </confs>
</configurationDescriptor>
