<?xml version="1.0" encoding="UTF-8"?>
<project-private xmlns="http://www.netbeans.org/ns/project-private/1">
    <editor-bookmarks xmlns="http://www.netbeans.org/ns/editor-bookmarks/2" lastBookmarkId="0"/>
    <open-files xmlns="http://www.netbeans.org/ns/projectui-open-files/2">
        <group>
            <file>file:/C:/github/wireless_can_wifi_bridge/can_wifi_bridge_test3/firmware/src/config/pic32mz_w1_curiosity_freertos/system/wifi/src/sys_wifi.c</file>
            <file>file:/C:/github/wireless_can_wifi_bridge/can_wifi_bridge_test3/firmware/src/app_can.c</file>
            <file>file:/C:/github/wireless_can_wifi_bridge/can_wifi_bridge_test3/firmware/src/config/pic32mz_w1_curiosity_freertos/peripheral/can/plib_can1.c</file>
            <file>file:/C:/github/wireless_can_wifi_bridge/can_wifi_bridge_test3/firmware/src/config/pic32mz_w1_curiosity_freertos/system/console/sys_console.h</file>
            <file>file:/C:/github/wireless_can_wifi_bridge/can_wifi_bridge_test3/firmware/src/config/pic32mz_w1_curiosity_freertos/system/debug/sys_debug.h</file>
            <file>file:/C:/github/wireless_can_wifi_bridge/can_wifi_bridge_test3/firmware/src/app_wifi.c</file>
            <file>file:/C:/github/wireless_can_wifi_bridge/can_wifi_bridge_test3/firmware/src/third_party/rtos/FreeRTOS/Source/include/queue.h</file>
        </group>
    </open-files>
</project-private>
