<?xml version="1.0" encoding="UTF-8"?>
<project-private xmlns="http://www.netbeans.org/ns/project-private/1">
    <editor-bookmarks xmlns="http://www.netbeans.org/ns/editor-bookmarks/2" lastBookmarkId="0"/>
    <open-files xmlns="http://www.netbeans.org/ns/projectui-open-files/2">
        <group>
            <file>file:/C:/h3_official_gh/wireless/apps/wifi_eth_dual_interface/firmware/src/config/pic32mz_w1_eth_wifi_freertos/library/tcpip/src/tcpip_notify.c</file>
            <file>file:/C:/h3_official_gh/wireless/apps/wifi_eth_dual_interface/firmware/src/config/pic32mz_w1_eth_wifi_freertos/library/tcpip/tcpip.h</file>
            <file>file:/C:/h3_official_gh/wireless/apps/wifi_eth_dual_interface/firmware/src/config/pic32mz_w1_eth_wifi_freertos/configuration.h</file>
            <file>file:/C:/h3_official_gh/wireless/apps/wifi_eth_dual_interface/firmware/src/config/pic32mz_w1_eth_wifi_freertos/library/tcpip/src/dhcp.c</file>
            <file>file:/C:/h3_official_gh/wireless/apps/wifi_eth_dual_interface/firmware/src/config/pic32mz_w1_eth_wifi_freertos/system/wifiprov/src/sys_wifiprov.c</file>
            <file>file:/C:/h3_official_gh/wireless/apps/wifi_eth_dual_interface/firmware/src/config/pic32mz_w1_eth_wifi_freertos/system/wifi/src/sys_wifi.c</file>
            <file>file:/C:/h3_official_gh/wireless/apps/wifi_eth_dual_interface/firmware/src/config/pic32mz_w1_eth_wifi_freertos/system/console/sys_console.h</file>
            <file>file:/C:/h3_official_gh/wireless/apps/wifi_eth_dual_interface/firmware/src/config/pic32mz_w1_eth_wifi_freertos/library/tcpip/src/tcpip_mac_bridge.c</file>
            <file>file:/C:/h3_official_gh/wireless/apps/wifi_eth_dual_interface/firmware/src/main.c</file>
            <file>file:/C:/h3_official_gh/wireless/apps/wifi_eth_dual_interface/firmware/src/app.c</file>
            <file>file:/C:/h3_official_gh/wireless/apps/wifi_eth_dual_interface/firmware/src/config/pic32mz_w1_eth_wifi_freertos/library/tcpip/src/tcpip_manager_control.h</file>
            <file>file:/C:/h3_official_gh/wireless/apps/wifi_eth_dual_interface/firmware/src/config/pic32mz_w1_eth_wifi_freertos/system/wifi/sys_wifi.h</file>
            <file>file:/C:/h3_official_gh/wireless/apps/wifi_eth_dual_interface/firmware/src/config/pic32mz_w1_eth_wifi_freertos/definitions.h</file>
            <file>file:/C:/h3_official_gh/wireless/apps/wifi_eth_dual_interface/firmware/src/config/pic32mz_w1_eth_wifi_freertos/library/tcpip/src/tcpip_manager.c</file>
            <file>file:/C:/h3_official_gh/wireless/apps/wifi_eth_dual_interface/firmware/src/config/pic32mz_w1_eth_wifi_freertos/initialization.c</file>
            <file>file:/C:/h3_official_gh/wireless/apps/wifi_eth_dual_interface/firmware/src/config/pic32mz_w1_eth_wifi_freertos/library/tcpip/dhcp.h</file>
        </group>
    </open-files>
</project-private>
