<?xml version="1.0" encoding="UTF-8"?>
<project-private xmlns="http://www.netbeans.org/ns/project-private/1">
    <editor-bookmarks xmlns="http://www.netbeans.org/ns/editor-bookmarks/2" lastBookmarkId="0"/>
    <open-files xmlns="http://www.netbeans.org/ns/projectui-open-files/2">
        <group>
            <file>file:/C:/harmony3/wireless_apps_pic32mzw1_wfi32e01/apps/wifi_easy_config/firmware/src/config/pic32mz_w1_curiosity_freertos/system/wifiprov/src/sys_wifiprov.c</file>
            <file>file:/C:/harmony3/wireless_apps_pic32mzw1_wfi32e01/apps/wifi_easy_config/firmware/src/config/pic32mz_w1_curiosity_freertos/configuration.h</file>
            <file>file:/C:/harmony3/wireless_apps_pic32mzw1_wfi32e01/apps/wifi_easy_config/firmware/src/config/pic32mz_w1_curiosity_freertos/tasks.c</file>
            <file>file:/C:/harmony3/wireless_apps_pic32mzw1_wfi32e01/apps/wifi_easy_config/firmware/src/config/pic32mz_w1_curiosity_freertos/system/wifi/src/sys_wifi.c</file>
            <file>file:/C:/harmony3/wireless_apps_pic32mzw1_wfi32e01/apps/wifi_easy_config/firmware/src/config/pic32mz_w1_curiosity_freertos/system/wifi/sys_wifi.h</file>
        </group>
    </open-files>
</project-private>
