<?xml version="1.0" encoding="UTF-8"?>
<project-private xmlns="http://www.netbeans.org/ns/project-private/1">
    <editor-bookmarks xmlns="http://www.netbeans.org/ns/editor-bookmarks/2" lastBookmarkId="0"/>
    <open-files xmlns="http://www.netbeans.org/ns/projectui-open-files/2">
        <group>
            <file>file:/C:/Users/m16946/HarmonyProjects/CDC/firmware/src/app.h</file>
            <file>file:/C:/Users/m16946/HarmonyProjects/CDC/firmware/src/config/default/system/debug/src/sys_debug.c</file>
            <file>file:/C:/Users/m16946/HarmonyProjects/CDC/firmware/src/config/default/system/debug/sys_debug.h</file>
            <file>file:/C:/Users/m16946/HarmonyProjects/CDC/firmware/src/app.c</file>
        </group>
    </open-files>
</project-private>
