<?xml version="1.0" encoding="UTF-8" standalone="no"?>
<Configuration>
  <Components>
    <UniqueComponent dnOrder="0" id="adchs">
      <Symbols dnOrder="0">
        <KeyValueSet dnOrder="0" id="ADCCON1__SELRES">
          <Attributes dnOrder="0">
            <Boolean dnOrder="0" id="visible">
              <Value dnOrder="0">true</Value>
            </Boolean>
          </Attributes>
          <Values dnOrder="1">
            <User dnOrder="0" value="3"/>
          </Values>
        </KeyValueSet>
        <KeyValueSet dnOrder="1" id="ADCCON1__STRGSRC">
          <Attributes dnOrder="0">
            <Boolean dnOrder="0" id="visible">
              <Value dnOrder="0">true</Value>
            </Boolean>
          </Attributes>
          <Values dnOrder="1">
            <User dnOrder="0" value="4"/>
          </Values>
        </KeyValueSet>
        <Long dnOrder="2" id="ADCCON2__ADCDIV">
          <Attributes dnOrder="0">
            <Boolean dnOrder="0" id="visible">
              <Value dnOrder="0">true</Value>
            </Boolean>
          </Attributes>
        </Long>
        <Long dnOrder="3" id="ADCCON2__SAMC">
          <Attributes dnOrder="0">
            <Boolean dnOrder="0" id="visible">
              <Value dnOrder="0">true</Value>
            </Boolean>
          </Attributes>
        </Long>
        <KeyValueSet dnOrder="4" id="ADCCON3__ADCSEL">
          <Values dnOrder="0">
            <User dnOrder="0" value="3"/>
          </Values>
        </KeyValueSet>
        <Boolean dnOrder="5" id="ADCCSS1__CSS1">
          <Attributes dnOrder="0">
            <Boolean dnOrder="0" id="visible">
              <Value dnOrder="0">true</Value>
            </Boolean>
          </Attributes>
        </Boolean>
        <Boolean dnOrder="6" id="ADCCSS1__CSS10">
          <Attributes dnOrder="0">
            <Boolean dnOrder="0" id="visible">
              <Value dnOrder="0">true</Value>
            </Boolean>
          </Attributes>
        </Boolean>
        <Boolean dnOrder="7" id="ADCCSS1__CSS11">
          <Attributes dnOrder="0">
            <Boolean dnOrder="0" id="visible">
              <Value dnOrder="0">true</Value>
            </Boolean>
          </Attributes>
        </Boolean>
        <Boolean dnOrder="8" id="ADCCSS1__CSS12">
          <Attributes dnOrder="0">
            <Boolean dnOrder="0" id="visible">
              <Value dnOrder="0">true</Value>
            </Boolean>
          </Attributes>
        </Boolean>
        <Boolean dnOrder="9" id="ADCCSS1__CSS13">
          <Attributes dnOrder="0">
            <Boolean dnOrder="0" id="visible">
              <Value dnOrder="0">true</Value>
            </Boolean>
          </Attributes>
        </Boolean>
        <Boolean dnOrder="10" id="ADCCSS1__CSS14">
          <Attributes dnOrder="0">
            <Boolean dnOrder="0" id="visible">
              <Value dnOrder="0">true</Value>
            </Boolean>
          </Attributes>
        </Boolean>
        <Boolean dnOrder="11" id="ADCCSS1__CSS15">
          <Attributes dnOrder="0">
            <Boolean dnOrder="0" id="visible">
              <Value dnOrder="0">true</Value>
            </Boolean>
          </Attributes>
          <Values dnOrder="1">
            <User dnOrder="0" value="false"/>
          </Values>
        </Boolean>
        <Boolean dnOrder="12" id="ADCCSS1__CSS16">
          <Attributes dnOrder="0">
            <Boolean dnOrder="0" id="visible">
              <Value dnOrder="0">true</Value>
            </Boolean>
          </Attributes>
        </Boolean>
        <Boolean dnOrder="13" id="ADCCSS1__CSS17">
          <Attributes dnOrder="0">
            <Boolean dnOrder="0" id="visible">
              <Value dnOrder="0">true</Value>
            </Boolean>
          </Attributes>
        </Boolean>
        <Boolean dnOrder="14" id="ADCCSS1__CSS18">
          <Attributes dnOrder="0">
            <Boolean dnOrder="0" id="visible">
              <Value dnOrder="0">true</Value>
            </Boolean>
          </Attributes>
        </Boolean>
        <Boolean dnOrder="15" id="ADCCSS1__CSS19">
          <Attributes dnOrder="0">
            <Boolean dnOrder="0" id="visible">
              <Value dnOrder="0">true</Value>
            </Boolean>
          </Attributes>
        </Boolean>
        <Boolean dnOrder="16" id="ADCCSS1__CSS2">
          <Attributes dnOrder="0">
            <Boolean dnOrder="0" id="visible">
              <Value dnOrder="0">true</Value>
            </Boolean>
          </Attributes>
        </Boolean>
        <Boolean dnOrder="17" id="ADCCSS1__CSS3">
          <Attributes dnOrder="0">
            <Boolean dnOrder="0" id="visible">
              <Value dnOrder="0">true</Value>
            </Boolean>
          </Attributes>
        </Boolean>
        <Boolean dnOrder="18" id="ADCCSS1__CSS4">
          <Attributes dnOrder="0">
            <Boolean dnOrder="0" id="visible">
              <Value dnOrder="0">true</Value>
            </Boolean>
          </Attributes>
        </Boolean>
        <Boolean dnOrder="19" id="ADCCSS1__CSS5">
          <Attributes dnOrder="0">
            <Boolean dnOrder="0" id="visible">
              <Value dnOrder="0">true</Value>
            </Boolean>
          </Attributes>
        </Boolean>
        <Boolean dnOrder="20" id="ADCCSS1__CSS6">
          <Attributes dnOrder="0">
            <Boolean dnOrder="0" id="visible">
              <Value dnOrder="0">true</Value>
            </Boolean>
          </Attributes>
        </Boolean>
        <Boolean dnOrder="21" id="ADCCSS1__CSS7">
          <Attributes dnOrder="0">
            <Boolean dnOrder="0" id="visible">
              <Value dnOrder="0">true</Value>
            </Boolean>
          </Attributes>
        </Boolean>
        <Boolean dnOrder="22" id="ADCCSS1__CSS8">
          <Attributes dnOrder="0">
            <Boolean dnOrder="0" id="visible">
              <Value dnOrder="0">true</Value>
            </Boolean>
          </Attributes>
        </Boolean>
        <Boolean dnOrder="23" id="ADCCSS1__CSS9">
          <Attributes dnOrder="0">
            <Boolean dnOrder="0" id="visible">
              <Value dnOrder="0">true</Value>
            </Boolean>
          </Attributes>
          <Values dnOrder="1">
            <User dnOrder="0" value="true"/>
          </Values>
        </Boolean>
        <Boolean dnOrder="24" id="ADCGIRQEN1__AGIEN9">
          <Attributes dnOrder="0">
            <Boolean dnOrder="0" id="visible">
              <Value dnOrder="0">false</Value>
            </Boolean>
          </Attributes>
          <Values dnOrder="1">
            <User dnOrder="0" value="false"/>
          </Values>
        </Boolean>
        <Boolean dnOrder="25" id="ADCHS_7_ENABLE">
          <Values dnOrder="0">
            <User dnOrder="0" value="true"/>
          </Values>
        </Boolean>
        <String dnOrder="26" id="ADCHS_7_NAME">
          <Attributes dnOrder="0">
            <Boolean dnOrder="0" id="visible">
              <Value dnOrder="0">true</Value>
            </Boolean>
          </Attributes>
        </String>
        <Hex dnOrder="27" id="ADCHS_ADCCON1">
          <Values dnOrder="0">
            <Dynamic dnOrder="0" id="adchs" value="6619136"/>
          </Values>
        </Hex>
        <Hex dnOrder="28" id="ADCHS_ADCCON2">
          <Values dnOrder="0">
            <Dynamic dnOrder="0" id="adchs" value="131073"/>
          </Values>
        </Hex>
        <Hex dnOrder="29" id="ADCHS_ADCCON3">
          <Values dnOrder="0">
            <Dynamic dnOrder="0" id="adchs" value="3238002688"/>
          </Values>
        </Hex>
        <Hex dnOrder="30" id="ADCHS_ADCCSS1">
          <Values dnOrder="0">
            <Dynamic dnOrder="0" id="adchs" value="512"/>
          </Values>
        </Hex>
        <Hex dnOrder="31" id="ADCHS_ADCGIRQEN1">
          <Values dnOrder="0">
            <Dynamic dnOrder="0" id="adchs" value="0"/>
          </Values>
        </Hex>
        <Hex dnOrder="32" id="ADCHS_ADCIMCON1">
          <Values dnOrder="0">
            <Dynamic dnOrder="0" id="adchs" value="0"/>
          </Values>
        </Hex>
        <Hex dnOrder="33" id="ADCHS_ADCTRG1">
          <Values dnOrder="0">
            <Dynamic dnOrder="0" id="adchs" value="0"/>
          </Values>
        </Hex>
        <Hex dnOrder="34" id="ADCHS_ADCTRG2">
          <Values dnOrder="0">
            <Dynamic dnOrder="0" id="adchs" value="0"/>
          </Values>
        </Hex>
        <Comment dnOrder="35" id="ADCHS_CLASS2_INPUT1">
          <Attributes dnOrder="0">
            <Boolean dnOrder="0" id="visible">
              <Value dnOrder="0">true</Value>
            </Boolean>
          </Attributes>
        </Comment>
        <Comment dnOrder="36" id="ADCHS_CLASS2_INPUT2">
          <Attributes dnOrder="0">
            <Boolean dnOrder="0" id="visible">
              <Value dnOrder="0">true</Value>
            </Boolean>
          </Attributes>
        </Comment>
        <Comment dnOrder="37" id="ADCHS_CLASS2_INPUT3">
          <Attributes dnOrder="0">
            <Boolean dnOrder="0" id="visible">
              <Value dnOrder="0">true</Value>
            </Boolean>
          </Attributes>
        </Comment>
        <Comment dnOrder="38" id="ADCHS_CLASS2_INPUT4">
          <Attributes dnOrder="0">
            <Boolean dnOrder="0" id="visible">
              <Value dnOrder="0">true</Value>
            </Boolean>
          </Attributes>
        </Comment>
        <Comment dnOrder="39" id="ADCHS_CLASS2_INPUT5">
          <Attributes dnOrder="0">
            <Boolean dnOrder="0" id="visible">
              <Value dnOrder="0">true</Value>
            </Boolean>
          </Attributes>
        </Comment>
        <Comment dnOrder="40" id="ADCHS_CLASS2_INPUT6">
          <Attributes dnOrder="0">
            <Boolean dnOrder="0" id="visible">
              <Value dnOrder="0">true</Value>
            </Boolean>
          </Attributes>
        </Comment>
        <Comment dnOrder="41" id="ADCHS_CLASS2_INPUT7">
          <Attributes dnOrder="0">
            <Boolean dnOrder="0" id="visible">
              <Value dnOrder="0">true</Value>
            </Boolean>
          </Attributes>
        </Comment>
        <Comment dnOrder="42" id="ADCHS_CLASS3_INPUTS">
          <Attributes dnOrder="0">
            <Boolean dnOrder="0" id="visible">
              <Value dnOrder="0">true</Value>
            </Boolean>
          </Attributes>
        </Comment>
        <Float dnOrder="43" id="ADCHS_CONV_RATE0">
          <Attributes dnOrder="0">
            <Boolean dnOrder="0" id="visible">
              <Value dnOrder="0">false</Value>
            </Boolean>
          </Attributes>
          <Values dnOrder="1">
            <Dynamic dnOrder="0" id="adchs" value="3125.0"/>
          </Values>
        </Float>
        <Float dnOrder="44" id="ADCHS_CONV_RATE7">
          <Attributes dnOrder="0">
            <Boolean dnOrder="0" id="visible">
              <Value dnOrder="0">true</Value>
            </Boolean>
          </Attributes>
          <Values dnOrder="1">
            <Dynamic dnOrder="0" id="adchs" value="2941.1765"/>
          </Values>
        </Float>
        <Hex dnOrder="45" id="ADCHS_IEC0">
          <Values dnOrder="0">
            <Dynamic dnOrder="0" id="adchs" value="0"/>
          </Values>
        </Hex>
        <Boolean dnOrder="46" id="ADCHS_INTERRUPT">
          <Values dnOrder="0">
            <Dynamic dnOrder="0" id="adchs" value="false"/>
          </Values>
        </Boolean>
        <Float dnOrder="47" id="ADCHS_TADC0">
          <Attributes dnOrder="0">
            <Boolean dnOrder="0" id="visible">
              <Value dnOrder="0">false</Value>
            </Boolean>
          </Attributes>
          <Values dnOrder="1">
            <Dynamic dnOrder="0" id="adchs" value="20.0"/>
          </Values>
        </Float>
        <Float dnOrder="48" id="ADCHS_TADC7">
          <Attributes dnOrder="0">
            <Boolean dnOrder="0" id="visible">
              <Value dnOrder="0">true</Value>
            </Boolean>
          </Attributes>
          <Values dnOrder="1">
            <Dynamic dnOrder="0" id="adchs" value="20.0"/>
          </Values>
        </Float>
        <Float dnOrder="49" id="ADCHS_TCLK">
          <Values dnOrder="0">
            <Dynamic dnOrder="0" id="adchs" value="5.0"/>
          </Values>
        </Float>
        <Float dnOrder="50" id="ADCHS_TQ">
          <Values dnOrder="0">
            <Dynamic dnOrder="0" id="adchs" value="10.0"/>
          </Values>
        </Float>
        <Boolean dnOrder="51" id="ADCIMCON1__DIFF9">
          <Attributes dnOrder="0">
            <Boolean dnOrder="0" id="visible">
              <Value dnOrder="0">false</Value>
            </Boolean>
          </Attributes>
        </Boolean>
        <Boolean dnOrder="52" id="ADCIMCON1__SIGN9">
          <Attributes dnOrder="0">
            <Boolean dnOrder="0" id="visible">
              <Value dnOrder="0">false</Value>
            </Boolean>
          </Attributes>
        </Boolean>
        <KeyValueSet dnOrder="53" id="ADCTRG1__TRGSRC1">
          <Attributes dnOrder="0">
            <Boolean dnOrder="0" id="visible">
              <Value dnOrder="0">true</Value>
            </Boolean>
          </Attributes>
        </KeyValueSet>
        <KeyValueSet dnOrder="54" id="ADCTRG1__TRGSRC2">
          <Attributes dnOrder="0">
            <Boolean dnOrder="0" id="visible">
              <Value dnOrder="0">true</Value>
            </Boolean>
          </Attributes>
        </KeyValueSet>
        <KeyValueSet dnOrder="55" id="ADCTRG1__TRGSRC3">
          <Attributes dnOrder="0">
            <Boolean dnOrder="0" id="visible">
              <Value dnOrder="0">true</Value>
            </Boolean>
          </Attributes>
        </KeyValueSet>
        <KeyValueSet dnOrder="56" id="ADCTRG2__TRGSRC4">
          <Attributes dnOrder="0">
            <Boolean dnOrder="0" id="visible">
              <Value dnOrder="0">true</Value>
            </Boolean>
          </Attributes>
        </KeyValueSet>
        <KeyValueSet dnOrder="57" id="ADCTRG2__TRGSRC5">
          <Attributes dnOrder="0">
            <Boolean dnOrder="0" id="visible">
              <Value dnOrder="0">true</Value>
            </Boolean>
          </Attributes>
        </KeyValueSet>
        <KeyValueSet dnOrder="58" id="ADCTRG2__TRGSRC6">
          <Attributes dnOrder="0">
            <Boolean dnOrder="0" id="visible">
              <Value dnOrder="0">true</Value>
            </Boolean>
          </Attributes>
        </KeyValueSet>
        <KeyValueSet dnOrder="59" id="ADCTRG2__TRGSRC7">
          <Attributes dnOrder="0">
            <Boolean dnOrder="0" id="visible">
              <Value dnOrder="0">true</Value>
            </Boolean>
          </Attributes>
        </KeyValueSet>
        <String dnOrder="60" id="ADC_CALLBACK_API">
          <Values dnOrder="0">
            <Dynamic dnOrder="0" id="adchs" value="ADCHS_CallbackRegister"/>
          </Values>
        </String>
        <String dnOrder="61" id="ADC_CH_PHASE_U">
          <Values dnOrder="0">
            <Dynamic dnOrder="0" id="adchs" value="ADCHS_CH0"/>
          </Values>
        </String>
        <String dnOrder="62" id="ADC_CH_PHASE_V">
          <Values dnOrder="0">
            <Dynamic dnOrder="0" id="adchs" value="ADCHS_CH4"/>
          </Values>
        </String>
        <String dnOrder="63" id="ADC_CH_POT">
          <Values dnOrder="0">
            <Dynamic dnOrder="0" id="adchs" value="ADCHS_CH15"/>
          </Values>
        </String>
        <String dnOrder="64" id="ADC_CH_VDC_BUS">
          <Values dnOrder="0">
            <Dynamic dnOrder="0" id="adchs" value="ADCHS_CH10"/>
          </Values>
        </String>
        <String dnOrder="65" id="ADC_GET_RESULT_API">
          <Values dnOrder="0">
            <Dynamic dnOrder="0" id="adchs" value="ADCHS_ChannelResultGet"/>
          </Values>
        </String>
        <String dnOrder="66" id="ADC_IS_RESULT_READY_API">
          <Values dnOrder="0">
            <Dynamic dnOrder="0" id="adchs" value="ADCHS_ChannelResultIsReady"/>
          </Values>
        </String>
        <String dnOrder="67" id="ADC_START_CONV_API">
          <Values dnOrder="0">
            <Dynamic dnOrder="0" id="adchs" value="ADCHS_ChannelConversionStart"/>
          </Values>
        </String>
        <Boolean dnOrder="68" id="AN9">
          <Values dnOrder="0">
            <User dnOrder="0" value="false"/>
          </Values>
        </Boolean>
        <String dnOrder="69" id="INTERRUPT_ADC_RESULT">
          <Values dnOrder="0">
            <Dynamic dnOrder="0" id="adchs" value="INT_SOURCE_ADC_DATA0"/>
          </Values>
        </String>
      </Symbols>
    </UniqueComponent>
    <UniqueComponent dnOrder="1" id="core">
      <Symbols dnOrder="0">
        <Boolean dnOrder="0" id="ADCHS_CLOCK_ENABLE">
          <Values dnOrder="0">
            <Dynamic dnOrder="0" id="adchs" value="true"/>
          </Values>
        </Boolean>
        <Integer dnOrder="1" id="ADCHS_CLOCK_FREQUENCY">
          <Values dnOrder="0">
            <Dynamic dnOrder="0" id="core" value="200000000"/>
          </Values>
        </Integer>
        <Boolean dnOrder="2" id="ADC_DATA9_INTERRUPT_ENABLE">
          <Values dnOrder="0">
            <Dynamic dnOrder="0" id="adchs" value="false"/>
          </Values>
        </Boolean>
        <Boolean dnOrder="3" id="ADC_DATA9_INTERRUPT_ENABLE_UPDATE">
          <Values dnOrder="0">
            <Dynamic dnOrder="0" id="core" value="true"/>
          </Values>
        </Boolean>
        <String dnOrder="4" id="ADC_DATA9_INTERRUPT_HANDLER">
          <Values dnOrder="0">
            <Dynamic dnOrder="0" id="adchs" value="ADC_DATA9_Handler"/>
          </Values>
        </String>
        <Boolean dnOrder="5" id="ADC_DATA9_INTERRUPT_HANDLER_LOCK">
          <Values dnOrder="0">
            <Dynamic dnOrder="0" id="adchs" value="false"/>
          </Values>
        </Boolean>
        <Integer dnOrder="6" id="BA414E_CLOCK_FREQUENCY">
          <Values dnOrder="0">
            <Dynamic dnOrder="0" id="core" value="0"/>
          </Values>
        </Integer>
        <String dnOrder="7" id="BSP_PIN_109_MODE">
          <Values dnOrder="0">
            <User dnOrder="0" value="DIGITAL"/>
          </Values>
        </String>
        <String dnOrder="8" id="BSP_PIN_10_MODE">
          <Values dnOrder="0">
            <User dnOrder="0" value="DIGITAL"/>
          </Values>
        </String>
        <String dnOrder="9" id="BSP_PIN_126_MODE">
          <Values dnOrder="0">
            <User dnOrder="0" value="DIGITAL"/>
          </Values>
        </String>
        <String dnOrder="10" id="BSP_PIN_129_MODE">
          <Values dnOrder="0">
            <User dnOrder="0" value="DIGITAL"/>
          </Values>
        </String>
        <String dnOrder="11" id="BSP_PIN_12_MODE">
          <Values dnOrder="0">
            <User dnOrder="0" value="DIGITAL"/>
          </Values>
        </String>
        <String dnOrder="12" id="BSP_PIN_130_MODE">
          <Values dnOrder="0">
            <User dnOrder="0" value="DIGITAL"/>
          </Values>
        </String>
        <String dnOrder="13" id="BSP_PIN_14_MODE">
          <Values dnOrder="0">
            <User dnOrder="0" value="DIGITAL"/>
          </Values>
        </String>
        <String dnOrder="14" id="BSP_PIN_15_MODE">
          <Values dnOrder="0">
            <User dnOrder="0" value="DIGITAL"/>
          </Values>
        </String>
        <String dnOrder="15" id="BSP_PIN_16_MODE">
          <Values dnOrder="0">
            <User dnOrder="0" value="DIGITAL"/>
          </Values>
        </String>
        <String dnOrder="16" id="BSP_PIN_21_MODE">
          <Values dnOrder="0">
            <User dnOrder="0" value="DIGITAL"/>
          </Values>
        </String>
        <String dnOrder="17" id="BSP_PIN_22_MODE">
          <Values dnOrder="0">
            <User dnOrder="0" value="DIGITAL"/>
          </Values>
        </String>
        <String dnOrder="18" id="BSP_PIN_23_MODE">
          <Values dnOrder="0">
            <User dnOrder="0" value="DIGITAL"/>
          </Values>
        </String>
        <String dnOrder="19" id="BSP_PIN_24_MODE">
          <Values dnOrder="0">
            <User dnOrder="0" value="DIGITAL"/>
          </Values>
        </String>
        <String dnOrder="20" id="BSP_PIN_26_MODE">
          <Values dnOrder="0">
            <User dnOrder="0" value="DIGITAL"/>
          </Values>
        </String>
        <String dnOrder="21" id="BSP_PIN_27_MODE">
          <Values dnOrder="0">
            <User dnOrder="0" value="DIGITAL"/>
          </Values>
        </String>
        <String dnOrder="22" id="BSP_PIN_44_MODE">
          <Values dnOrder="0">
            <User dnOrder="0" value="DIGITAL"/>
          </Values>
        </String>
        <String dnOrder="23" id="BSP_PIN_47_MODE">
          <Values dnOrder="0">
            <User dnOrder="0" value="DIGITAL"/>
          </Values>
        </String>
        <String dnOrder="24" id="BSP_PIN_48_FUNCTION_TYPE">
          <Values dnOrder="0">
            <User dnOrder="0" value="AN15"/>
          </Values>
        </String>
        <String dnOrder="25" id="BSP_PIN_4_MODE">
          <Values dnOrder="0">
            <User dnOrder="0" value="DIGITAL"/>
          </Values>
        </String>
        <String dnOrder="26" id="BSP_PIN_5_MODE">
          <Values dnOrder="0">
            <User dnOrder="0" value="DIGITAL"/>
          </Values>
        </String>
        <String dnOrder="27" id="BSP_PIN_65_MODE">
          <Values dnOrder="0">
            <User dnOrder="0" value="DIGITAL"/>
          </Values>
        </String>
        <String dnOrder="28" id="BSP_PIN_68_MODE">
          <Values dnOrder="0">
            <User dnOrder="0" value="DIGITAL"/>
          </Values>
        </String>
        <String dnOrder="29" id="BSP_PIN_69_MODE">
          <Values dnOrder="0">
            <User dnOrder="0" value="DIGITAL"/>
          </Values>
        </String>
        <String dnOrder="30" id="BSP_PIN_6_MODE">
          <Values dnOrder="0">
            <User dnOrder="0" value="DIGITAL"/>
          </Values>
        </String>
        <String dnOrder="31" id="BSP_PIN_74_MODE">
          <Values dnOrder="0">
            <User dnOrder="0" value="DIGITAL"/>
          </Values>
        </String>
        <String dnOrder="32" id="BSP_PIN_76_MODE">
          <Values dnOrder="0">
            <User dnOrder="0" value="DIGITAL"/>
          </Values>
        </String>
        <String dnOrder="33" id="BSP_PIN_77_MODE">
          <Values dnOrder="0">
            <User dnOrder="0" value="DIGITAL"/>
          </Values>
        </String>
        <String dnOrder="34" id="BSP_PIN_78_MODE">
          <Values dnOrder="0">
            <User dnOrder="0" value="DIGITAL"/>
          </Values>
        </String>
        <String dnOrder="35" id="BSP_PIN_80_MODE">
          <Values dnOrder="0">
            <User dnOrder="0" value="DIGITAL"/>
          </Values>
        </String>
        <String dnOrder="36" id="BSP_PIN_81_MODE">
          <Values dnOrder="0">
            <User dnOrder="0" value="DIGITAL"/>
          </Values>
        </String>
        <String dnOrder="37" id="BSP_PIN_82_MODE">
          <Values dnOrder="0">
            <User dnOrder="0" value="DIGITAL"/>
          </Values>
        </String>
        <String dnOrder="38" id="BSP_PIN_83_MODE">
          <Values dnOrder="0">
            <User dnOrder="0" value="DIGITAL"/>
          </Values>
        </String>
        <String dnOrder="39" id="BSP_PIN_84_MODE">
          <Values dnOrder="0">
            <User dnOrder="0" value="DIGITAL"/>
          </Values>
        </String>
        <String dnOrder="40" id="BSP_PIN_86_MODE">
          <Values dnOrder="0">
            <User dnOrder="0" value="DIGITAL"/>
          </Values>
        </String>
        <String dnOrder="41" id="BSP_PIN_87_MODE">
          <Values dnOrder="0">
            <User dnOrder="0" value="DIGITAL"/>
          </Values>
        </String>
        <String dnOrder="42" id="BSP_PIN_88_MODE">
          <Values dnOrder="0">
            <User dnOrder="0" value="DIGITAL"/>
          </Values>
        </String>
        <String dnOrder="43" id="BSP_PIN_89_MODE">
          <Values dnOrder="0">
            <User dnOrder="0" value="DIGITAL"/>
          </Values>
        </String>
        <String dnOrder="44" id="BSP_PIN_90_MODE">
          <Values dnOrder="0">
            <User dnOrder="0" value="DIGITAL"/>
          </Values>
        </String>
        <String dnOrder="45" id="BSP_PIN_91_MODE">
          <Values dnOrder="0">
            <User dnOrder="0" value="DIGITAL"/>
          </Values>
        </String>
        <String dnOrder="46" id="BSP_PIN_92_MODE">
          <Values dnOrder="0">
            <User dnOrder="0" value="DIGITAL"/>
          </Values>
        </String>
        <String dnOrder="47" id="BSP_PIN_93_MODE">
          <Values dnOrder="0">
            <User dnOrder="0" value="DIGITAL"/>
          </Values>
        </String>
        <String dnOrder="48" id="BSP_PIN_94_MODE">
          <Values dnOrder="0">
            <User dnOrder="0" value="DIGITAL"/>
          </Values>
        </String>
        <String dnOrder="49" id="BSP_PIN_9_MODE">
          <Values dnOrder="0">
            <User dnOrder="0" value="DIGITAL"/>
          </Values>
        </String>
        <String dnOrder="50" id="BTCLK">
          <Values dnOrder="0">
            <User dnOrder="0" value="0"/>
          </Values>
        </String>
        <Integer dnOrder="51" id="CAN1_CLOCK_FREQUENCY">
          <Values dnOrder="0">
            <Dynamic dnOrder="0" id="core" value="0"/>
          </Values>
        </Integer>
        <Integer dnOrder="52" id="CAN2_CLOCK_FREQUENCY">
          <Values dnOrder="0">
            <Dynamic dnOrder="0" id="core" value="0"/>
          </Values>
        </Integer>
        <KeyValueSet dnOrder="53" id="COMPILER_CHOICE">
          <Values dnOrder="0">
            <Dynamic dnOrder="0" id="core" value="0"/>
          </Values>
        </KeyValueSet>
        <Integer dnOrder="54" id="CONFIG_PRECON_PFMWS">
          <Values dnOrder="0">
            <Dynamic dnOrder="0" id="core" value="5"/>
          </Values>
        </Integer>
        <String dnOrder="55" id="CONFIG_SYS_CLK_PBCLK1_FREQ">
          <Values dnOrder="0">
            <User dnOrder="0" value="100000000"/>
          </Values>
        </String>
        <String dnOrder="56" id="CONFIG_SYS_CLK_PBCLK2_FREQ">
          <Values dnOrder="0">
            <User dnOrder="0" value="100000000"/>
          </Values>
        </String>
        <String dnOrder="57" id="CONFIG_SYS_CLK_PBCLK3_FREQ">
          <Values dnOrder="0">
            <User dnOrder="0" value="100000000"/>
          </Values>
        </String>
        <String dnOrder="58" id="CONFIG_SYS_CLK_PBCLK4_FREQ">
          <Values dnOrder="0">
            <User dnOrder="0" value="100000000"/>
          </Values>
        </String>
        <String dnOrder="59" id="CONFIG_SYS_CLK_PBCLK5_FREQ">
          <Values dnOrder="0">
            <User dnOrder="0" value="100000000"/>
          </Values>
        </String>
        <String dnOrder="60" id="CONFIG_SYS_CLK_PBCLK6_FREQ">
          <Values dnOrder="0">
            <User dnOrder="0" value="200000000"/>
          </Values>
        </String>
        <String dnOrder="61" id="CONFIG_SYS_CLK_REFCLK1_FREQ">
          <Values dnOrder="0">
            <User dnOrder="0" value="200000000"/>
          </Values>
        </String>
        <String dnOrder="62" id="CONFIG_SYS_CLK_REFCLK2_FREQ">
          <Values dnOrder="0">
            <User dnOrder="0" value="200000000"/>
          </Values>
        </String>
        <String dnOrder="63" id="CONFIG_SYS_CLK_REFCLK3_FREQ">
          <Values dnOrder="0">
            <User dnOrder="0" value="200000000"/>
          </Values>
        </String>
        <String dnOrder="64" id="CONFIG_SYS_CLK_REFCLK4_FREQ">
          <Values dnOrder="0">
            <User dnOrder="0" value="200000000"/>
          </Values>
        </String>
        <String dnOrder="65" id="CPU_CLOCK_FREQUENCY">
          <Values dnOrder="0">
            <Dynamic dnOrder="0" id="core" value="200000000"/>
          </Values>
        </String>
        <Integer dnOrder="66" id="CRYPTO_CLOCK_FREQUENCY">
          <Values dnOrder="0">
            <Dynamic dnOrder="0" id="core" value="0"/>
          </Values>
        </Integer>
        <Integer dnOrder="67" id="CVD_CLOCK_FREQUENCY">
          <Values dnOrder="0">
            <Dynamic dnOrder="0" id="core" value="0"/>
          </Values>
        </Integer>
        <Integer dnOrder="68" id="DMAC_CLOCK_FREQUENCY">
          <Values dnOrder="0">
            <Dynamic dnOrder="0" id="core" value="200000000"/>
          </Values>
        </Integer>
        <String dnOrder="69" id="ETHCLK">
          <Values dnOrder="0">
            <User dnOrder="0" value="0"/>
          </Values>
        </String>
        <Integer dnOrder="70" id="ETH_CLOCK_FREQUENCY">
          <Values dnOrder="0">
            <Dynamic dnOrder="0" id="core" value="0"/>
          </Values>
        </Integer>
        <Boolean dnOrder="71" id="EVIC_115_ENABLE">
          <Values dnOrder="0">
            <Dynamic dnOrder="0" id="core" value="false"/>
          </Values>
        </Boolean>
        <Boolean dnOrder="72" id="EVIC_115_HANDLER_LOCK">
          <Values dnOrder="0">
            <Dynamic dnOrder="0" id="core" value="false"/>
          </Values>
        </Boolean>
        <String dnOrder="73" id="EVIC_115_INTERRUPT_HANDLER">
          <Values dnOrder="0">
            <Dynamic dnOrder="0" id="core" value="ADC_DATA9_Handler"/>
          </Values>
        </String>
        <Boolean dnOrder="74" id="EVIC_38_ENABLE">
          <Values dnOrder="0">
            <Dynamic dnOrder="0" id="core" value="false"/>
          </Values>
        </Boolean>
        <Boolean dnOrder="75" id="EVIC_38_HANDLER_LOCK">
          <Values dnOrder="0">
            <Dynamic dnOrder="0" id="core" value="false"/>
          </Values>
        </Boolean>
        <String dnOrder="76" id="EVIC_38_INTERRUPT_HANDLER">
          <Values dnOrder="0">
            <Dynamic dnOrder="0" id="core" value="UART1_FAULT_Handler"/>
          </Values>
        </String>
        <Boolean dnOrder="77" id="EVIC_39_ENABLE">
          <Values dnOrder="0">
            <Dynamic dnOrder="0" id="core" value="false"/>
          </Values>
        </Boolean>
        <Boolean dnOrder="78" id="EVIC_39_HANDLER_LOCK">
          <Values dnOrder="0">
            <Dynamic dnOrder="0" id="core" value="false"/>
          </Values>
        </Boolean>
        <String dnOrder="79" id="EVIC_39_INTERRUPT_HANDLER">
          <Values dnOrder="0">
            <Dynamic dnOrder="0" id="core" value="UART1_RX_Handler"/>
          </Values>
        </String>
        <Boolean dnOrder="80" id="EVIC_40_ENABLE">
          <Values dnOrder="0">
            <Dynamic dnOrder="0" id="core" value="false"/>
          </Values>
        </Boolean>
        <Boolean dnOrder="81" id="EVIC_40_HANDLER_LOCK">
          <Values dnOrder="0">
            <Dynamic dnOrder="0" id="core" value="false"/>
          </Values>
        </Boolean>
        <String dnOrder="82" id="EVIC_40_INTERRUPT_HANDLER">
          <Values dnOrder="0">
            <Dynamic dnOrder="0" id="core" value="UART1_TX_Handler"/>
          </Values>
        </String>
        <Boolean dnOrder="83" id="EVIC_4_ENABLE">
          <Values dnOrder="0">
            <Dynamic dnOrder="0" id="core" value="true"/>
          </Values>
        </Boolean>
        <Boolean dnOrder="84" id="EVIC_4_HANDLER_LOCK">
          <Values dnOrder="0">
            <Dynamic dnOrder="0" id="core" value="true"/>
          </Values>
        </Boolean>
        <String dnOrder="85" id="EVIC_4_INTERRUPT_HANDLER">
          <Values dnOrder="0">
            <Dynamic dnOrder="0" id="core" value="TIMER_1_InterruptHandler"/>
          </Values>
        </String>
        <Integer dnOrder="86" id="I2C1_CLOCK_FREQUENCY">
          <Values dnOrder="0">
            <Dynamic dnOrder="0" id="core" value="0"/>
          </Values>
        </Integer>
        <Integer dnOrder="87" id="I2C2_CLOCK_FREQUENCY">
          <Values dnOrder="0">
            <Dynamic dnOrder="0" id="core" value="0"/>
          </Values>
        </Integer>
        <Integer dnOrder="88" id="ICAP1_CLOCK_FREQUENCY">
          <Values dnOrder="0">
            <Dynamic dnOrder="0" id="core" value="0"/>
          </Values>
        </Integer>
        <Integer dnOrder="89" id="ICAP2_CLOCK_FREQUENCY">
          <Values dnOrder="0">
            <Dynamic dnOrder="0" id="core" value="0"/>
          </Values>
        </Integer>
        <Integer dnOrder="90" id="ICAP3_CLOCK_FREQUENCY">
          <Values dnOrder="0">
            <Dynamic dnOrder="0" id="core" value="0"/>
          </Values>
        </Integer>
        <Integer dnOrder="91" id="ICAP4_CLOCK_FREQUENCY">
          <Values dnOrder="0">
            <Dynamic dnOrder="0" id="core" value="0"/>
          </Values>
        </Integer>
        <String dnOrder="92" id="KEIL_STACK_HEAP_SIZE">
          <Values dnOrder="0">
            <Dynamic dnOrder="0" id="core" value="0x1200"/>
          </Values>
        </String>
        <Integer dnOrder="93" id="OCMP1_CLOCK_FREQUENCY">
          <Values dnOrder="0">
            <Dynamic dnOrder="0" id="core" value="0"/>
          </Values>
        </Integer>
        <Integer dnOrder="94" id="OCMP2_CLOCK_FREQUENCY">
          <Values dnOrder="0">
            <Dynamic dnOrder="0" id="core" value="0"/>
          </Values>
        </Integer>
        <Integer dnOrder="95" id="OCMP3_CLOCK_FREQUENCY">
          <Values dnOrder="0">
            <Dynamic dnOrder="0" id="core" value="0"/>
          </Values>
        </Integer>
        <Integer dnOrder="96" id="OCMP4_CLOCK_FREQUENCY">
          <Values dnOrder="0">
            <Dynamic dnOrder="0" id="core" value="0"/>
          </Values>
        </Integer>
        <Hex dnOrder="97" id="PMD1_REG_VALUE">
          <Values dnOrder="0">
            <Dynamic dnOrder="0" id="core" value="629245952"/>
          </Values>
        </Hex>
        <Hex dnOrder="98" id="PMD2_REG_VALUE">
          <Values dnOrder="0">
            <Dynamic dnOrder="0" id="core" value="8261391"/>
          </Values>
        </Hex>
        <Hex dnOrder="99" id="PMD3_REG_VALUE">
          <Values dnOrder="0">
            <Dynamic dnOrder="0" id="core" value="419631894"/>
          </Values>
        </Hex>
        <Integer dnOrder="100" id="PTG_CLOCK_FREQUENCY">
          <Values dnOrder="0">
            <Dynamic dnOrder="0" id="core" value="0"/>
          </Values>
        </Integer>
        <Integer dnOrder="101" id="REFO1_CLOCK_FREQUENCY">
          <Values dnOrder="0">
            <Dynamic dnOrder="0" id="core" value="200000000"/>
          </Values>
        </Integer>
        <Integer dnOrder="102" id="REFO2_CLOCK_FREQUENCY">
          <Values dnOrder="0">
            <Dynamic dnOrder="0" id="core" value="200000000"/>
          </Values>
        </Integer>
        <Integer dnOrder="103" id="REFO3_CLOCK_FREQUENCY">
          <Values dnOrder="0">
            <Dynamic dnOrder="0" id="core" value="200000000"/>
          </Values>
        </Integer>
        <Integer dnOrder="104" id="REFO4_CLOCK_FREQUENCY">
          <Values dnOrder="0">
            <Dynamic dnOrder="0" id="core" value="200000000"/>
          </Values>
        </Integer>
        <Integer dnOrder="105" id="RNG_CLOCK_FREQUENCY">
          <Values dnOrder="0">
            <Dynamic dnOrder="0" id="core" value="0"/>
          </Values>
        </Integer>
        <Integer dnOrder="106" id="RTCC_CLOCK_FREQUENCY">
          <Values dnOrder="0">
            <Dynamic dnOrder="0" id="core" value="0"/>
          </Values>
        </Integer>
        <Integer dnOrder="107" id="SPI1_CLOCK_FREQUENCY">
          <Values dnOrder="0">
            <Dynamic dnOrder="0" id="core" value="0"/>
          </Values>
        </Integer>
        <Integer dnOrder="108" id="SPI2_CLOCK_FREQUENCY">
          <Values dnOrder="0">
            <Dynamic dnOrder="0" id="core" value="0"/>
          </Values>
        </Integer>
        <Integer dnOrder="109" id="SPLLCON_SPLLBSWSEL_VALUE">
          <Values dnOrder="0">
            <Dynamic dnOrder="0" id="core" value="5"/>
          </Values>
        </Integer>
        <Integer dnOrder="110" id="SPLLCON_SPLLFBDIV_VALUE">
          <Values dnOrder="0">
            <User dnOrder="0" value="20"/>
          </Values>
        </Integer>
        <Integer dnOrder="111" id="SPLLCON_SPLLPOSTDIV1_VALUE">
          <Values dnOrder="0">
            <User dnOrder="0" value="4"/>
          </Values>
        </Integer>
        <Hex dnOrder="112" id="SPLLCON_VALUE">
          <Values dnOrder="0">
            <Dynamic dnOrder="0" id="core" value="4276293"/>
          </Values>
        </Hex>
        <Integer dnOrder="113" id="SQI1_CLOCK_FREQUENCY">
          <Values dnOrder="0">
            <Dynamic dnOrder="0" id="core" value="0"/>
          </Values>
        </Integer>
        <String dnOrder="114" id="SYS_CLK_FREQ">
          <Values dnOrder="0">
            <User dnOrder="0" value="200000000"/>
          </Values>
        </String>
        <Boolean dnOrder="115" id="TIMER_1_INTERRUPT_ENABLE">
          <Values dnOrder="0">
            <Dynamic dnOrder="0" id="tmr1" value="true"/>
          </Values>
        </Boolean>
        <Boolean dnOrder="116" id="TIMER_1_INTERRUPT_ENABLE_UPDATE">
          <Values dnOrder="0">
            <Dynamic dnOrder="0" id="core" value="false"/>
          </Values>
        </Boolean>
        <String dnOrder="117" id="TIMER_1_INTERRUPT_HANDLER">
          <Values dnOrder="0">
            <Dynamic dnOrder="0" id="tmr1" value="TIMER_1_InterruptHandler"/>
          </Values>
        </String>
        <Boolean dnOrder="118" id="TIMER_1_INTERRUPT_HANDLER_LOCK">
          <Values dnOrder="0">
            <Dynamic dnOrder="0" id="tmr1" value="true"/>
          </Values>
        </Boolean>
        <Boolean dnOrder="119" id="TMR1_CLOCK_ENABLE">
          <Values dnOrder="0">
            <Dynamic dnOrder="0" id="tmr1" value="true"/>
          </Values>
        </Boolean>
        <Integer dnOrder="120" id="TMR1_CLOCK_FREQUENCY">
          <Values dnOrder="0">
            <Dynamic dnOrder="0" id="core" value="100000000"/>
          </Values>
        </Integer>
        <Integer dnOrder="121" id="TMR2_CLOCK_FREQUENCY">
          <Values dnOrder="0">
            <Dynamic dnOrder="0" id="core" value="0"/>
          </Values>
        </Integer>
        <Integer dnOrder="122" id="TMR3_CLOCK_FREQUENCY">
          <Values dnOrder="0">
            <Dynamic dnOrder="0" id="core" value="0"/>
          </Values>
        </Integer>
        <Integer dnOrder="123" id="TMR4_CLOCK_FREQUENCY">
          <Values dnOrder="0">
            <Dynamic dnOrder="0" id="core" value="0"/>
          </Values>
        </Integer>
        <Integer dnOrder="124" id="TMR5_CLOCK_FREQUENCY">
          <Values dnOrder="0">
            <Dynamic dnOrder="0" id="core" value="0"/>
          </Values>
        </Integer>
        <Integer dnOrder="125" id="TMR6_CLOCK_FREQUENCY">
          <Values dnOrder="0">
            <Dynamic dnOrder="0" id="core" value="0"/>
          </Values>
        </Integer>
        <Integer dnOrder="126" id="TMR7_CLOCK_FREQUENCY">
          <Values dnOrder="0">
            <Dynamic dnOrder="0" id="core" value="0"/>
          </Values>
        </Integer>
        <Boolean dnOrder="127" id="UART1_CLOCK_ENABLE">
          <Values dnOrder="0">
            <Dynamic dnOrder="0" id="uart1" value="true"/>
          </Values>
        </Boolean>
        <Integer dnOrder="128" id="UART1_CLOCK_FREQUENCY">
          <Values dnOrder="0">
            <Dynamic dnOrder="0" id="core" value="100000000"/>
          </Values>
        </Integer>
        <Boolean dnOrder="129" id="UART1_FAULT_INTERRUPT_ENABLE">
          <Values dnOrder="0">
            <Dynamic dnOrder="0" id="uart1" value="false"/>
          </Values>
        </Boolean>
        <Boolean dnOrder="130" id="UART1_FAULT_INTERRUPT_ENABLE_UPDATE">
          <Values dnOrder="0">
            <Dynamic dnOrder="0" id="core" value="true"/>
          </Values>
        </Boolean>
        <String dnOrder="131" id="UART1_FAULT_INTERRUPT_HANDLER">
          <Values dnOrder="0">
            <Dynamic dnOrder="0" id="uart1" value="UART1_FAULT_Handler"/>
          </Values>
        </String>
        <Boolean dnOrder="132" id="UART1_FAULT_INTERRUPT_HANDLER_LOCK">
          <Values dnOrder="0">
            <Dynamic dnOrder="0" id="uart1" value="false"/>
          </Values>
        </Boolean>
        <Boolean dnOrder="133" id="UART1_RX_INTERRUPT_ENABLE">
          <Values dnOrder="0">
            <Dynamic dnOrder="0" id="uart1" value="false"/>
          </Values>
        </Boolean>
        <Boolean dnOrder="134" id="UART1_RX_INTERRUPT_ENABLE_UPDATE">
          <Values dnOrder="0">
            <Dynamic dnOrder="0" id="core" value="true"/>
          </Values>
        </Boolean>
        <String dnOrder="135" id="UART1_RX_INTERRUPT_HANDLER">
          <Values dnOrder="0">
            <Dynamic dnOrder="0" id="uart1" value="UART1_RX_Handler"/>
          </Values>
        </String>
        <Boolean dnOrder="136" id="UART1_RX_INTERRUPT_HANDLER_LOCK">
          <Values dnOrder="0">
            <Dynamic dnOrder="0" id="uart1" value="false"/>
          </Values>
        </Boolean>
        <Boolean dnOrder="137" id="UART1_TX_INTERRUPT_ENABLE">
          <Values dnOrder="0">
            <Dynamic dnOrder="0" id="uart1" value="false"/>
          </Values>
        </Boolean>
        <Boolean dnOrder="138" id="UART1_TX_INTERRUPT_ENABLE_UPDATE">
          <Values dnOrder="0">
            <Dynamic dnOrder="0" id="core" value="true"/>
          </Values>
        </Boolean>
        <String dnOrder="139" id="UART1_TX_INTERRUPT_HANDLER">
          <Values dnOrder="0">
            <Dynamic dnOrder="0" id="uart1" value="UART1_TX_Handler"/>
          </Values>
        </String>
        <Boolean dnOrder="140" id="UART1_TX_INTERRUPT_HANDLER_LOCK">
          <Values dnOrder="0">
            <Dynamic dnOrder="0" id="uart1" value="false"/>
          </Values>
        </Boolean>
        <Integer dnOrder="141" id="UART2_CLOCK_FREQUENCY">
          <Values dnOrder="0">
            <Dynamic dnOrder="0" id="core" value="0"/>
          </Values>
        </Integer>
        <Integer dnOrder="142" id="UART3_CLOCK_FREQUENCY">
          <Values dnOrder="0">
            <Dynamic dnOrder="0" id="core" value="0"/>
          </Values>
        </Integer>
        <Integer dnOrder="143" id="USB1_CLOCK_FREQUENCY">
          <Values dnOrder="0">
            <Dynamic dnOrder="0" id="core" value="0"/>
          </Values>
        </Integer>
        <String dnOrder="144" id="USBCLK">
          <Values dnOrder="0">
            <User dnOrder="0" value="0"/>
          </Values>
        </String>
        <String dnOrder="145" id="WIFICLK">
          <Values dnOrder="0">
            <User dnOrder="0" value="0"/>
          </Values>
        </String>
        <Integer dnOrder="146" id="WIFI_CLOCK_FREQUENCY">
          <Values dnOrder="0">
            <Dynamic dnOrder="0" id="core" value="0"/>
          </Values>
        </Integer>
        <KeyValueSet dnOrder="147" id="clkSvcMode">
          <Values dnOrder="0">
            <Dynamic dnOrder="0" id="core" value="0"/>
          </Values>
        </KeyValueSet>
      </Symbols>
    </UniqueComponent>
    <UniqueComponent dnOrder="2" id="dfp"/>
    <UniqueComponent dnOrder="3" id="stdio">
      <Symbols dnOrder="0">
        <String dnOrder="0" id="DEBUG_PERIPHERAL">
          <Values dnOrder="0">
            <Dynamic dnOrder="0" id="stdio" value="uart1"/>
          </Values>
        </String>
      </Symbols>
      <Attachments dnOrder="1">
        <DirectDependency dnOrder="0" id="UART">
          <Attributes dnOrder="0">
            <String dnOrder="0" id="targetComponentID">
              <Value dnOrder="0">uart1</Value>
            </String>
            <String dnOrder="1" id="targetAttachmentID">
              <Value dnOrder="0">UART1_UART</Value>
            </String>
          </Attributes>
        </DirectDependency>
      </Attachments>
    </UniqueComponent>
    <UniqueComponent dnOrder="4" id="tmr1">
      <Symbols dnOrder="0">
        <Hex dnOrder="0" id="TCON_REG_VALUE">
          <Values dnOrder="0">
            <Dynamic dnOrder="0" id="tmr1" value="304"/>
          </Values>
        </Hex>
        <Integer dnOrder="1" id="TIMER1_CLOCK_FREQ">
          <Values dnOrder="0">
            <Dynamic dnOrder="0" id="tmr1" value="390625"/>
          </Values>
        </Integer>
        <Long dnOrder="2" id="TIMER1_PERIOD">
          <Values dnOrder="0">
            <Dynamic dnOrder="0" id="tmr1" value="3905"/>
          </Values>
        </Long>
        <KeyValueSet dnOrder="3" id="TIMER1_PRE_SCALER">
          <Values dnOrder="0">
            <User dnOrder="0" value="0"/>
          </Values>
        </KeyValueSet>
        <Float dnOrder="4" id="TIMER1_TIME_PERIOD_MS">
          <Attributes dnOrder="0">
            <Float dnOrder="0" id="max">
              <Value dnOrder="0">167.7696</Value>
            </Float>
          </Attributes>
          <Values dnOrder="1">
            <User dnOrder="0" value="10.0"/>
          </Values>
        </Float>
        <Integer dnOrder="5" id="TMR1_PRESCALER_VALUE">
          <Values dnOrder="0">
            <Dynamic dnOrder="0" id="tmr1" value="256"/>
          </Values>
        </Integer>
      </Symbols>
    </UniqueComponent>
    <UniqueComponent dnOrder="5" id="uart1">
      <Symbols dnOrder="0">
        <Integer dnOrder="0" id="BRG_VALUE">
          <Values dnOrder="0">
            <Dynamic dnOrder="0" id="uart1" value="216"/>
          </Values>
        </Integer>
        <KeyValueSet dnOrder="1" id="UART_BRGH">
          <Values dnOrder="0">
            <Dynamic dnOrder="0" id="uart1" value="0"/>
          </Values>
        </KeyValueSet>
        <Comment dnOrder="2" id="UART_BRGH_MODE_COMMENT">
          <Attributes dnOrder="0">
            <String dnOrder="0" id="text">
              <Value dnOrder="0">***&amp;#160;High&amp;#160;Speed&amp;#160;mode&amp;#160;4x&amp;#160;baud&amp;#160;clock&amp;#160;enabled&amp;#160;(BRGH&amp;#160;=&amp;#160;1)&amp;#160;***</Value>
            </String>
          </Attributes>
        </Comment>
        <Integer dnOrder="3" id="UART_CLOCK_FREQ">
          <Values dnOrder="0">
            <Dynamic dnOrder="0" id="uart1" value="100000000"/>
          </Values>
        </Integer>
        <Boolean dnOrder="4" id="UART_RING_BUFFER_ENABLE">
          <Values dnOrder="0">
            <Dynamic dnOrder="0" id="uart1" value="false"/>
          </Values>
        </Boolean>
        <Hex dnOrder="5" id="UMODE_VALUE">
          <Values dnOrder="0">
            <Dynamic dnOrder="0" id="uart1" value="8"/>
          </Values>
        </Hex>
        <Boolean dnOrder="6" id="USART_INTERRUPT_MODE">
          <Values dnOrder="0">
            <Dynamic dnOrder="0" id="stdio" value="false"/>
          </Values>
        </Boolean>
      </Symbols>
      <Attachments dnOrder="1">
        <DirectCapability dnOrder="0" id="UART1_UART">
          <Attributes dnOrder="0">
            <String dnOrder="0" id="targetComponentID">
              <Value dnOrder="0">stdio</Value>
            </String>
            <String dnOrder="1" id="targetAttachmentID">
              <Value dnOrder="0">UART</Value>
            </String>
          </Attributes>
        </DirectCapability>
      </Attachments>
    </UniqueComponent>
  </Components>
  <UserData>
    <ComponentGraph dnOrder="0" id="__ROOTVIEW">
      <ElementPositions dnOrder="0">
        <ElementPosition dnOrder="0" id="adchs" x="340" y="20"/>
        <ElementPosition dnOrder="1" id="core" x="241" y="19"/>
        <ElementPosition dnOrder="2" id="dfp" x="20" y="20"/>
        <ElementPosition dnOrder="3" id="stdio" x="177" y="174"/>
        <ElementPosition dnOrder="4" id="tmr1" x="190" y="60"/>
        <ElementPosition dnOrder="5" id="uart1" x="30" y="60"/>
      </ElementPositions>
    </ComponentGraph>
    <GraphSettings canvasHeight="400" canvasWidth="400" dnOrder="1"/>
  </UserData>
</Configuration>
