<?xml version="1.0" encoding="UTF-8" standalone="no"?>
<Configuration>
  <Components>
    <UniqueComponent bsp="true" dnOrder="0" id="BSP_PIC32MZ_W1_Curiosity"/>
    <UniqueComponent dnOrder="1" id="core">
      <Symbols dnOrder="0">
        <String dnOrder="0" id="BSP_PIN_109_DIR">
          <Values dnOrder="0">
            <User dnOrder="0" value="Out"/>
          </Values>
        </String>
        <String dnOrder="1" id="BSP_PIN_109_MODE">
          <Values dnOrder="0">
            <User dnOrder="0" value="DIGITAL"/>
          </Values>
        </String>
        <String dnOrder="2" id="BSP_PIN_10_MODE">
          <Values dnOrder="0">
            <User dnOrder="0" value="DIGITAL"/>
          </Values>
        </String>
        <String dnOrder="3" id="BSP_PIN_110_DIR">
          <Values dnOrder="0">
            <User dnOrder="0" value="Out"/>
          </Values>
        </String>
        <String dnOrder="4" id="BSP_PIN_126_MODE">
          <Values dnOrder="0">
            <User dnOrder="0" value="DIGITAL"/>
          </Values>
        </String>
        <String dnOrder="5" id="BSP_PIN_129_MODE">
          <Values dnOrder="0">
            <User dnOrder="0" value="DIGITAL"/>
          </Values>
        </String>
        <String dnOrder="6" id="BSP_PIN_12_MODE">
          <Values dnOrder="0">
            <User dnOrder="0" value="DIGITAL"/>
          </Values>
        </String>
        <String dnOrder="7" id="BSP_PIN_130_MODE">
          <Values dnOrder="0">
            <User dnOrder="0" value="DIGITAL"/>
          </Values>
        </String>
        <String dnOrder="8" id="BSP_PIN_14_MODE">
          <Values dnOrder="0">
            <User dnOrder="0" value="DIGITAL"/>
          </Values>
        </String>
        <String dnOrder="9" id="BSP_PIN_15_MODE">
          <Values dnOrder="0">
            <User dnOrder="0" value="DIGITAL"/>
          </Values>
        </String>
        <String dnOrder="10" id="BSP_PIN_16_MODE">
          <Values dnOrder="0">
            <User dnOrder="0" value="DIGITAL"/>
          </Values>
        </String>
        <String dnOrder="11" id="BSP_PIN_21_MODE">
          <Values dnOrder="0">
            <User dnOrder="0" value="DIGITAL"/>
          </Values>
        </String>
        <String dnOrder="12" id="BSP_PIN_22_MODE">
          <Values dnOrder="0">
            <User dnOrder="0" value="DIGITAL"/>
          </Values>
        </String>
        <String dnOrder="13" id="BSP_PIN_23_MODE">
          <Values dnOrder="0">
            <User dnOrder="0" value="DIGITAL"/>
          </Values>
        </String>
        <String dnOrder="14" id="BSP_PIN_24_MODE">
          <Values dnOrder="0">
            <User dnOrder="0" value="DIGITAL"/>
          </Values>
        </String>
        <String dnOrder="15" id="BSP_PIN_26_MODE">
          <Values dnOrder="0">
            <User dnOrder="0" value="DIGITAL"/>
          </Values>
        </String>
        <String dnOrder="16" id="BSP_PIN_27_MODE">
          <Values dnOrder="0">
            <User dnOrder="0" value="DIGITAL"/>
          </Values>
        </String>
        <String dnOrder="17" id="BSP_PIN_44_MODE">
          <Values dnOrder="0">
            <User dnOrder="0" value="DIGITAL"/>
          </Values>
        </String>
        <String dnOrder="18" id="BSP_PIN_47_MODE">
          <Values dnOrder="0">
            <User dnOrder="0" value="DIGITAL"/>
          </Values>
        </String>
        <String dnOrder="19" id="BSP_PIN_4_MODE">
          <Values dnOrder="0">
            <User dnOrder="0" value="DIGITAL"/>
          </Values>
        </String>
        <String dnOrder="20" id="BSP_PIN_5_MODE">
          <Values dnOrder="0">
            <User dnOrder="0" value="DIGITAL"/>
          </Values>
        </String>
        <String dnOrder="21" id="BSP_PIN_65_MODE">
          <Values dnOrder="0">
            <User dnOrder="0" value="DIGITAL"/>
          </Values>
        </String>
        <String dnOrder="22" id="BSP_PIN_68_MODE">
          <Values dnOrder="0">
            <User dnOrder="0" value="DIGITAL"/>
          </Values>
        </String>
        <String dnOrder="23" id="BSP_PIN_69_MODE">
          <Values dnOrder="0">
            <User dnOrder="0" value="DIGITAL"/>
          </Values>
        </String>
        <String dnOrder="24" id="BSP_PIN_6_MODE">
          <Values dnOrder="0">
            <User dnOrder="0" value="DIGITAL"/>
          </Values>
        </String>
        <String dnOrder="25" id="BSP_PIN_74_MODE">
          <Values dnOrder="0">
            <User dnOrder="0" value="DIGITAL"/>
          </Values>
        </String>
        <String dnOrder="26" id="BSP_PIN_76_MODE">
          <Values dnOrder="0">
            <User dnOrder="0" value="DIGITAL"/>
          </Values>
        </String>
        <String dnOrder="27" id="BSP_PIN_77_MODE">
          <Values dnOrder="0">
            <User dnOrder="0" value="DIGITAL"/>
          </Values>
        </String>
        <String dnOrder="28" id="BSP_PIN_78_MODE">
          <Values dnOrder="0">
            <User dnOrder="0" value="DIGITAL"/>
          </Values>
        </String>
        <String dnOrder="29" id="BSP_PIN_80_MODE">
          <Values dnOrder="0">
            <User dnOrder="0" value="DIGITAL"/>
          </Values>
        </String>
        <String dnOrder="30" id="BSP_PIN_81_MODE">
          <Values dnOrder="0">
            <User dnOrder="0" value="DIGITAL"/>
          </Values>
        </String>
        <String dnOrder="31" id="BSP_PIN_82_MODE">
          <Values dnOrder="0">
            <User dnOrder="0" value="DIGITAL"/>
          </Values>
        </String>
        <String dnOrder="32" id="BSP_PIN_83_MODE">
          <Values dnOrder="0">
            <User dnOrder="0" value="DIGITAL"/>
          </Values>
        </String>
        <String dnOrder="33" id="BSP_PIN_84_MODE">
          <Values dnOrder="0">
            <User dnOrder="0" value="DIGITAL"/>
          </Values>
        </String>
        <String dnOrder="34" id="BSP_PIN_86_MODE">
          <Values dnOrder="0">
            <User dnOrder="0" value="DIGITAL"/>
          </Values>
        </String>
        <String dnOrder="35" id="BSP_PIN_87_MODE">
          <Values dnOrder="0">
            <User dnOrder="0" value="DIGITAL"/>
          </Values>
        </String>
        <String dnOrder="36" id="BSP_PIN_88_MODE">
          <Values dnOrder="0">
            <User dnOrder="0" value="DIGITAL"/>
          </Values>
        </String>
        <String dnOrder="37" id="BSP_PIN_89_MODE">
          <Values dnOrder="0">
            <User dnOrder="0" value="DIGITAL"/>
          </Values>
        </String>
        <String dnOrder="38" id="BSP_PIN_90_MODE">
          <Values dnOrder="0">
            <User dnOrder="0" value="DIGITAL"/>
          </Values>
        </String>
        <String dnOrder="39" id="BSP_PIN_91_MODE">
          <Values dnOrder="0">
            <User dnOrder="0" value="DIGITAL"/>
          </Values>
        </String>
        <String dnOrder="40" id="BSP_PIN_92_MODE">
          <Values dnOrder="0">
            <User dnOrder="0" value="DIGITAL"/>
          </Values>
        </String>
        <String dnOrder="41" id="BSP_PIN_93_MODE">
          <Values dnOrder="0">
            <User dnOrder="0" value="DIGITAL"/>
          </Values>
        </String>
        <String dnOrder="42" id="BSP_PIN_94_MODE">
          <Values dnOrder="0">
            <User dnOrder="0" value="DIGITAL"/>
          </Values>
        </String>
        <String dnOrder="43" id="BSP_PIN_9_MODE">
          <Values dnOrder="0">
            <User dnOrder="0" value="DIGITAL"/>
          </Values>
        </String>
        <File dnOrder="44" id="CACHE_HEADER_H">
          <Attributes dnOrder="0">
            <Boolean dnOrder="0" id="enabled">
              <Value dnOrder="0">true</Value>
            </Boolean>
          </Attributes>
        </File>
        <File dnOrder="45" id="CACHE_LOCAL_H">
          <Attributes dnOrder="0">
            <Boolean dnOrder="0" id="enabled">
              <Value dnOrder="0">true</Value>
            </Boolean>
          </Attributes>
        </File>
        <File dnOrder="46" id="CACHE_PIC32MZ_H">
          <Attributes dnOrder="0">
            <Boolean dnOrder="0" id="enabled">
              <Value dnOrder="0">true</Value>
            </Boolean>
          </Attributes>
        </File>
        <File dnOrder="47" id="CACHE_SOURCE_PIC32MZ_C">
          <Attributes dnOrder="0">
            <Boolean dnOrder="0" id="enabled">
              <Value dnOrder="0">true</Value>
            </Boolean>
          </Attributes>
        </File>
        <File dnOrder="48" id="CACHE_SOURCE_PIC32MZ_S">
          <Attributes dnOrder="0">
            <Boolean dnOrder="0" id="enabled">
              <Value dnOrder="0">true</Value>
            </Boolean>
          </Attributes>
        </File>
        <File dnOrder="49" id="CACHE_SYSTEM_DEF_H">
          <Attributes dnOrder="0">
            <Boolean dnOrder="0" id="enabled">
              <Value dnOrder="0">true</Value>
            </Boolean>
          </Attributes>
        </File>
        <KeyValueSet dnOrder="50" id="COMPILER_CHOICE">
          <Values dnOrder="0">
            <Dynamic dnOrder="0" id="core" value="0"/>
          </Values>
        </KeyValueSet>
        <Boolean dnOrder="51" id="CORE_TIMER_INTERRUPT_ENABLE">
          <Values dnOrder="0">
            <Dynamic dnOrder="0" id="core_timer" value="true"/>
          </Values>
        </Boolean>
        <Boolean dnOrder="52" id="CORE_TIMER_INTERRUPT_ENABLE_UPDATE">
          <Values dnOrder="0">
            <Dynamic dnOrder="0" id="core" value="false"/>
          </Values>
        </Boolean>
        <String dnOrder="53" id="CORE_TIMER_INTERRUPT_HANDLER">
          <Values dnOrder="0">
            <Dynamic dnOrder="0" id="core_timer" value="CORE_TIMER_InterruptHandler"/>
          </Values>
        </String>
        <Boolean dnOrder="54" id="CORE_TIMER_INTERRUPT_HANDLER_LOCK">
          <Values dnOrder="0">
            <Dynamic dnOrder="0" id="core_timer" value="true"/>
          </Values>
        </Boolean>
        <Boolean dnOrder="55" id="CRYPTO_CLOCK_ENABLE">
          <Values dnOrder="0">
            <Dynamic dnOrder="0" id="sysWifiPic32mzw1" value="true"/>
          </Values>
        </Boolean>
        <Integer dnOrder="56" id="CRYPTO_CLOCK_FREQUENCY">
          <Values dnOrder="0">
            <Dynamic dnOrder="0" id="core" value="100000000"/>
          </Values>
        </Integer>
        <Boolean dnOrder="57" id="DATA_CACHE_ENABLE">
          <Values dnOrder="0">
            <Dynamic dnOrder="0" id="core" value="true"/>
          </Values>
        </Boolean>
        <File dnOrder="58" id="DEVICE_CACHE_H">
          <Attributes dnOrder="0">
            <Boolean dnOrder="0" id="enabled">
              <Value dnOrder="0">true</Value>
            </Boolean>
          </Attributes>
        </File>
        <Boolean dnOrder="59" id="EVIC_0_ENABLE">
          <Values dnOrder="0">
            <Dynamic dnOrder="0" id="core" value="true"/>
          </Values>
        </Boolean>
        <Boolean dnOrder="60" id="EVIC_0_HANDLER_LOCK">
          <Values dnOrder="0">
            <Dynamic dnOrder="0" id="core" value="true"/>
          </Values>
        </Boolean>
        <String dnOrder="61" id="EVIC_0_INTERRUPT_HANDLER">
          <Values dnOrder="0">
            <Dynamic dnOrder="0" id="core" value="CORE_TIMER_InterruptHandler"/>
          </Values>
        </String>
        <Boolean dnOrder="62" id="EVIC_1_ENABLE_GENERATE">
          <Values dnOrder="0">
            <Dynamic dnOrder="0" id="core" value="true"/>
          </Values>
        </Boolean>
        <Boolean dnOrder="63" id="EVIC_1_ENABLE_LOCK">
          <Values dnOrder="0">
            <Dynamic dnOrder="0" id="core" value="false"/>
          </Values>
        </Boolean>
        <Boolean dnOrder="64" id="EVIC_1_HANDLER_LOCK">
          <Values dnOrder="0">
            <Dynamic dnOrder="0" id="core" value="false"/>
          </Values>
        </Boolean>
        <Boolean dnOrder="65" id="EVIC_1_PRIORITY_GENERATE">
          <Values dnOrder="0">
            <Dynamic dnOrder="0" id="core" value="true"/>
          </Values>
        </Boolean>
        <Boolean dnOrder="66" id="EVIC_1_PRIORITY_LOCK">
          <Values dnOrder="0">
            <Dynamic dnOrder="0" id="core" value="false"/>
          </Values>
        </Boolean>
        <Boolean dnOrder="67" id="EVIC_1_SUBPRIORITY_GENERATE">
          <Values dnOrder="0">
            <Dynamic dnOrder="0" id="core" value="true"/>
          </Values>
        </Boolean>
        <Boolean dnOrder="68" id="EVIC_1_SUBPRIORITY_LOCK">
          <Values dnOrder="0">
            <Dynamic dnOrder="0" id="core" value="false"/>
          </Values>
        </Boolean>
        <Boolean dnOrder="69" id="EVIC_30_ENABLE">
          <Values dnOrder="0">
            <Dynamic dnOrder="0" id="core" value="true"/>
          </Values>
        </Boolean>
        <Boolean dnOrder="70" id="EVIC_30_HANDLER_LOCK">
          <Values dnOrder="0">
            <Dynamic dnOrder="0" id="core" value="true"/>
          </Values>
        </Boolean>
        <String dnOrder="71" id="EVIC_30_INTERRUPT_HANDLER">
          <Values dnOrder="0">
            <Dynamic dnOrder="0" id="core" value="NVM_InterruptHandler"/>
          </Values>
        </String>
        <Boolean dnOrder="72" id="EVIC_38_ENABLE">
          <Values dnOrder="0">
            <Dynamic dnOrder="0" id="core" value="true"/>
          </Values>
        </Boolean>
        <Boolean dnOrder="73" id="EVIC_38_HANDLER_LOCK">
          <Values dnOrder="0">
            <Dynamic dnOrder="0" id="core" value="true"/>
          </Values>
        </Boolean>
        <String dnOrder="74" id="EVIC_38_INTERRUPT_HANDLER">
          <Values dnOrder="0">
            <Dynamic dnOrder="0" id="core" value="UART1_FAULT_InterruptHandler"/>
          </Values>
        </String>
        <Boolean dnOrder="75" id="EVIC_39_ENABLE">
          <Values dnOrder="0">
            <Dynamic dnOrder="0" id="core" value="true"/>
          </Values>
        </Boolean>
        <Boolean dnOrder="76" id="EVIC_39_HANDLER_LOCK">
          <Values dnOrder="0">
            <Dynamic dnOrder="0" id="core" value="true"/>
          </Values>
        </Boolean>
        <String dnOrder="77" id="EVIC_39_INTERRUPT_HANDLER">
          <Values dnOrder="0">
            <Dynamic dnOrder="0" id="core" value="UART1_RX_InterruptHandler"/>
          </Values>
        </String>
        <Boolean dnOrder="78" id="EVIC_40_ENABLE">
          <Values dnOrder="0">
            <Dynamic dnOrder="0" id="core" value="true"/>
          </Values>
        </Boolean>
        <Boolean dnOrder="79" id="EVIC_40_HANDLER_LOCK">
          <Values dnOrder="0">
            <Dynamic dnOrder="0" id="core" value="true"/>
          </Values>
        </Boolean>
        <String dnOrder="80" id="EVIC_40_INTERRUPT_HANDLER">
          <Values dnOrder="0">
            <Dynamic dnOrder="0" id="core" value="UART1_TX_InterruptHandler"/>
          </Values>
        </String>
        <Boolean dnOrder="81" id="EVIC_4_ENABLE_GENERATE">
          <Values dnOrder="0">
            <Dynamic dnOrder="0" id="core" value="true"/>
          </Values>
        </Boolean>
        <Boolean dnOrder="82" id="EVIC_4_ENABLE_LOCK">
          <Values dnOrder="0">
            <Dynamic dnOrder="0" id="core" value="false"/>
          </Values>
        </Boolean>
        <Boolean dnOrder="83" id="EVIC_4_HANDLER_LOCK">
          <Values dnOrder="0">
            <Dynamic dnOrder="0" id="core" value="false"/>
          </Values>
        </Boolean>
        <Boolean dnOrder="84" id="EVIC_4_PRIORITY_GENERATE">
          <Values dnOrder="0">
            <Dynamic dnOrder="0" id="core" value="true"/>
          </Values>
        </Boolean>
        <Boolean dnOrder="85" id="EVIC_4_PRIORITY_LOCK">
          <Values dnOrder="0">
            <Dynamic dnOrder="0" id="core" value="false"/>
          </Values>
        </Boolean>
        <Boolean dnOrder="86" id="EVIC_4_SUBPRIORITY_GENERATE">
          <Values dnOrder="0">
            <Dynamic dnOrder="0" id="core" value="true"/>
          </Values>
        </Boolean>
        <Boolean dnOrder="87" id="EVIC_4_SUBPRIORITY_LOCK">
          <Values dnOrder="0">
            <Dynamic dnOrder="0" id="core" value="false"/>
          </Values>
        </Boolean>
        <Boolean dnOrder="88" id="EVIC_83_ENABLE">
          <Values dnOrder="0">
            <Dynamic dnOrder="0" id="core" value="true"/>
          </Values>
        </Boolean>
        <Boolean dnOrder="89" id="EVIC_83_HANDLER_LOCK">
          <Values dnOrder="0">
            <Dynamic dnOrder="0" id="core" value="true"/>
          </Values>
        </Boolean>
        <String dnOrder="90" id="EVIC_83_INTERRUPT_HANDLER">
          <Values dnOrder="0">
            <Dynamic dnOrder="0" id="core" value="WDRV_PIC32MZW_TasksRFSMCISR"/>
          </Values>
        </String>
        <Boolean dnOrder="91" id="EVIC_84_ENABLE">
          <Values dnOrder="0">
            <Dynamic dnOrder="0" id="core" value="true"/>
          </Values>
        </Boolean>
        <Boolean dnOrder="92" id="EVIC_84_HANDLER_LOCK">
          <Values dnOrder="0">
            <Dynamic dnOrder="0" id="core" value="true"/>
          </Values>
        </Boolean>
        <String dnOrder="93" id="EVIC_84_INTERRUPT_HANDLER">
          <Values dnOrder="0">
            <Dynamic dnOrder="0" id="core" value="WDRV_PIC32MZW_TasksRFMACISR"/>
          </Values>
        </String>
        <Boolean dnOrder="94" id="EVIC_86_ENABLE">
          <Values dnOrder="0">
            <Dynamic dnOrder="0" id="core" value="true"/>
          </Values>
        </Boolean>
        <Boolean dnOrder="95" id="EVIC_86_HANDLER_LOCK">
          <Values dnOrder="0">
            <Dynamic dnOrder="0" id="core" value="true"/>
          </Values>
        </Boolean>
        <String dnOrder="96" id="EVIC_86_INTERRUPT_HANDLER">
          <Values dnOrder="0">
            <Dynamic dnOrder="0" id="core" value="WDRV_PIC32MZW_TasksRFTimer0ISR"/>
          </Values>
        </String>
        <Combo dnOrder="97" id="EVIC_PRIORITY_1ATTRIBUTE">
          <Values dnOrder="0">
            <Dynamic dnOrder="0" id="core" value="SRS"/>
          </Values>
        </Combo>
        <Combo dnOrder="98" id="EVIC_PRIORITY_2ATTRIBUTE">
          <Values dnOrder="0">
            <Dynamic dnOrder="0" id="core" value="SRS"/>
          </Values>
        </Combo>
        <Combo dnOrder="99" id="EVIC_PRIORITY_3ATTRIBUTE">
          <Values dnOrder="0">
            <Dynamic dnOrder="0" id="core" value="SRS"/>
          </Values>
        </Combo>
        <Combo dnOrder="100" id="EVIC_PRIORITY_4ATTRIBUTE">
          <Values dnOrder="0">
            <Dynamic dnOrder="0" id="core" value="SRS"/>
          </Values>
        </Combo>
        <Combo dnOrder="101" id="EVIC_PRIORITY_5ATTRIBUTE">
          <Values dnOrder="0">
            <Dynamic dnOrder="0" id="core" value="SRS"/>
          </Values>
        </Combo>
        <Combo dnOrder="102" id="EVIC_PRIORITY_6ATTRIBUTE">
          <Values dnOrder="0">
            <Dynamic dnOrder="0" id="core" value="SRS"/>
          </Values>
        </Combo>
        <Combo dnOrder="103" id="EVIC_PRIORITY_7ATTRIBUTE">
          <Values dnOrder="0">
            <Dynamic dnOrder="0" id="core" value="SRS"/>
          </Values>
        </Combo>
        <Boolean dnOrder="104" id="EVIC_SRS_ENABLE">
          <Values dnOrder="0">
            <Dynamic dnOrder="0" id="core" value="true"/>
          </Values>
        </Boolean>
        <Integer dnOrder="105" id="EWPLLCON_EWPLLBSWSEL_VALUE">
          <Values dnOrder="0">
            <Dynamic dnOrder="0" id="core" value="6"/>
          </Values>
        </Integer>
        <Hex dnOrder="106" id="EWPLLCON_VALUE">
          <Values dnOrder="0">
            <Dynamic dnOrder="0" id="core" value="355598854"/>
          </Values>
        </Hex>
        <Boolean dnOrder="107" id="EWPLL_ENABLE">
          <Values dnOrder="0">
            <Dynamic dnOrder="0" id="sysWifiPic32mzw1" value="true"/>
          </Values>
        </Boolean>
        <Boolean dnOrder="108" id="FLASH_CONTROL_INTERRUPT_ENABLE">
          <Values dnOrder="0">
            <Dynamic dnOrder="0" id="nvm" value="true"/>
          </Values>
        </Boolean>
        <Boolean dnOrder="109" id="FLASH_CONTROL_INTERRUPT_ENABLE_UPDATE">
          <Values dnOrder="0">
            <Dynamic dnOrder="0" id="core" value="false"/>
          </Values>
        </Boolean>
        <String dnOrder="110" id="FLASH_CONTROL_INTERRUPT_HANDLER">
          <Values dnOrder="0">
            <Dynamic dnOrder="0" id="nvm" value="NVM_InterruptHandler"/>
          </Values>
        </String>
        <Boolean dnOrder="111" id="FLASH_CONTROL_INTERRUPT_HANDLER_LOCK">
          <Values dnOrder="0">
            <Dynamic dnOrder="0" id="nvm" value="true"/>
          </Values>
        </Boolean>
        <Boolean dnOrder="112" id="INSTRUCTION_CACHE_ENABLE">
          <Values dnOrder="0">
            <Dynamic dnOrder="0" id="core" value="true"/>
          </Values>
        </Boolean>
        <String dnOrder="113" id="KEIL_STACK_HEAP_SIZE">
          <Values dnOrder="0">
            <Dynamic dnOrder="0" id="core" value="0x1200"/>
          </Values>
        </String>
        <Hex dnOrder="114" id="PMD1_REG_VALUE">
          <Values dnOrder="0">
            <Dynamic dnOrder="0" id="core" value="545360257"/>
          </Values>
        </Hex>
        <Hex dnOrder="115" id="PMD2_REG_VALUE">
          <Values dnOrder="0">
            <Dynamic dnOrder="0" id="core" value="8326927"/>
          </Values>
        </Hex>
        <Hex dnOrder="116" id="PMD3_REG_VALUE">
          <Values dnOrder="0">
            <Dynamic dnOrder="0" id="core" value="419627798"/>
          </Values>
        </Hex>
        <Boolean dnOrder="117" id="RFMAC_INTERRUPT_ENABLE">
          <Values dnOrder="0">
            <Dynamic dnOrder="0" id="drvWifiPic32mzw1" value="true"/>
          </Values>
        </Boolean>
        <Boolean dnOrder="118" id="RFMAC_INTERRUPT_ENABLE_UPDATE">
          <Values dnOrder="0">
            <Dynamic dnOrder="0" id="core" value="false"/>
          </Values>
        </Boolean>
        <String dnOrder="119" id="RFMAC_INTERRUPT_HANDLER">
          <Values dnOrder="0">
            <Dynamic dnOrder="0" id="drvWifiPic32mzw1" value="WDRV_PIC32MZW_TasksRFMACISR"/>
          </Values>
        </String>
        <Boolean dnOrder="120" id="RFMAC_INTERRUPT_HANDLER_LOCK">
          <Values dnOrder="0">
            <Dynamic dnOrder="0" id="drvWifiPic32mzw1" value="true"/>
          </Values>
        </Boolean>
        <Boolean dnOrder="121" id="RFSMC_INTERRUPT_ENABLE">
          <Values dnOrder="0">
            <Dynamic dnOrder="0" id="drvWifiPic32mzw1" value="true"/>
          </Values>
        </Boolean>
        <Boolean dnOrder="122" id="RFSMC_INTERRUPT_ENABLE_UPDATE">
          <Values dnOrder="0">
            <Dynamic dnOrder="0" id="core" value="false"/>
          </Values>
        </Boolean>
        <String dnOrder="123" id="RFSMC_INTERRUPT_HANDLER">
          <Values dnOrder="0">
            <Dynamic dnOrder="0" id="drvWifiPic32mzw1" value="WDRV_PIC32MZW_TasksRFSMCISR"/>
          </Values>
        </String>
        <Boolean dnOrder="124" id="RFSMC_INTERRUPT_HANDLER_LOCK">
          <Values dnOrder="0">
            <Dynamic dnOrder="0" id="drvWifiPic32mzw1" value="true"/>
          </Values>
        </Boolean>
        <Boolean dnOrder="125" id="RFTM0_INTERRUPT_ENABLE">
          <Values dnOrder="0">
            <Dynamic dnOrder="0" id="drvWifiPic32mzw1" value="true"/>
          </Values>
        </Boolean>
        <Boolean dnOrder="126" id="RFTM0_INTERRUPT_ENABLE_UPDATE">
          <Values dnOrder="0">
            <Dynamic dnOrder="0" id="core" value="false"/>
          </Values>
        </Boolean>
        <String dnOrder="127" id="RFTM0_INTERRUPT_HANDLER">
          <Values dnOrder="0">
            <Dynamic dnOrder="0" id="drvWifiPic32mzw1" value="WDRV_PIC32MZW_TasksRFTimer0ISR"/>
          </Values>
        </String>
        <Boolean dnOrder="128" id="RFTM0_INTERRUPT_HANDLER_LOCK">
          <Values dnOrder="0">
            <Dynamic dnOrder="0" id="drvWifiPic32mzw1" value="true"/>
          </Values>
        </Boolean>
        <Boolean dnOrder="129" id="RNG_CLOCK_ENABLE">
          <Values dnOrder="0">
            <Dynamic dnOrder="0" id="sysWifiPic32mzw1" value="true"/>
          </Values>
        </Boolean>
        <Integer dnOrder="130" id="RNG_CLOCK_FREQUENCY">
          <Values dnOrder="0">
            <Dynamic dnOrder="0" id="core" value="100000000"/>
          </Values>
        </Integer>
        <Hex dnOrder="131" id="SYS_PORT_A_ANSEL">
          <Values dnOrder="0">
            <Dynamic dnOrder="0" id="core" value="1024"/>
          </Values>
        </Hex>
        <Hex dnOrder="132" id="SYS_PORT_K_TRIS">
          <Values dnOrder="0">
            <Dynamic dnOrder="0" id="core" value="10"/>
          </Values>
        </Hex>
        <Boolean dnOrder="133" id="UART1_CLOCK_ENABLE">
          <Values dnOrder="0">
            <Dynamic dnOrder="0" id="uart1" value="true"/>
          </Values>
        </Boolean>
        <Integer dnOrder="134" id="UART1_CLOCK_FREQUENCY">
          <Values dnOrder="0">
            <Dynamic dnOrder="0" id="core" value="100000000"/>
          </Values>
        </Integer>
        <Boolean dnOrder="135" id="UART1_FAULT_INTERRUPT_ENABLE">
          <Values dnOrder="0">
            <Dynamic dnOrder="0" id="uart1" value="true"/>
          </Values>
        </Boolean>
        <Boolean dnOrder="136" id="UART1_FAULT_INTERRUPT_ENABLE_UPDATE">
          <Values dnOrder="0">
            <Dynamic dnOrder="0" id="core" value="false"/>
          </Values>
        </Boolean>
        <String dnOrder="137" id="UART1_FAULT_INTERRUPT_HANDLER">
          <Values dnOrder="0">
            <Dynamic dnOrder="0" id="uart1" value="UART1_FAULT_InterruptHandler"/>
          </Values>
        </String>
        <Boolean dnOrder="138" id="UART1_FAULT_INTERRUPT_HANDLER_LOCK">
          <Values dnOrder="0">
            <Dynamic dnOrder="0" id="uart1" value="true"/>
          </Values>
        </Boolean>
        <Boolean dnOrder="139" id="UART1_RX_INTERRUPT_ENABLE">
          <Values dnOrder="0">
            <Dynamic dnOrder="0" id="uart1" value="true"/>
          </Values>
        </Boolean>
        <Boolean dnOrder="140" id="UART1_RX_INTERRUPT_ENABLE_UPDATE">
          <Values dnOrder="0">
            <Dynamic dnOrder="0" id="core" value="false"/>
          </Values>
        </Boolean>
        <String dnOrder="141" id="UART1_RX_INTERRUPT_HANDLER">
          <Values dnOrder="0">
            <Dynamic dnOrder="0" id="uart1" value="UART1_RX_InterruptHandler"/>
          </Values>
        </String>
        <Boolean dnOrder="142" id="UART1_RX_INTERRUPT_HANDLER_LOCK">
          <Values dnOrder="0">
            <Dynamic dnOrder="0" id="uart1" value="true"/>
          </Values>
        </Boolean>
        <Boolean dnOrder="143" id="UART1_TX_INTERRUPT_ENABLE">
          <Values dnOrder="0">
            <Dynamic dnOrder="0" id="uart1" value="true"/>
          </Values>
        </Boolean>
        <Boolean dnOrder="144" id="UART1_TX_INTERRUPT_ENABLE_UPDATE">
          <Values dnOrder="0">
            <Dynamic dnOrder="0" id="core" value="false"/>
          </Values>
        </Boolean>
        <String dnOrder="145" id="UART1_TX_INTERRUPT_HANDLER">
          <Values dnOrder="0">
            <Dynamic dnOrder="0" id="uart1" value="UART1_TX_InterruptHandler"/>
          </Values>
        </String>
        <Boolean dnOrder="146" id="UART1_TX_INTERRUPT_HANDLER_LOCK">
          <Values dnOrder="0">
            <Dynamic dnOrder="0" id="uart1" value="true"/>
          </Values>
        </Boolean>
        <Boolean dnOrder="147" id="USE_CACHE_MAINTENANCE">
          <Values dnOrder="0">
            <Dynamic dnOrder="0" id="sys_fs" value="true"/>
          </Values>
        </Boolean>
        <Boolean dnOrder="148" id="WIFI_CLOCK_ENABLE">
          <Values dnOrder="0">
            <Dynamic dnOrder="0" id="sysWifiPic32mzw1" value="true"/>
          </Values>
        </Boolean>
        <Integer dnOrder="149" id="WIFI_CLOCK_FREQUENCY">
          <Values dnOrder="0">
            <Dynamic dnOrder="0" id="core" value="100000000"/>
          </Values>
        </Integer>
        <Setting dnOrder="150" id="XC32_HEAP">
          <Attributes dnOrder="0">
            <String dnOrder="0" id="value">
              <Value dnOrder="0">160000</Value>
            </String>
          </Attributes>
        </Setting>
        <Integer dnOrder="151" id="XC32_HEAP_SIZE">
          <Values dnOrder="0">
            <Dynamic dnOrder="0" id="sysWifiPic32mzw1" value="160000"/>
          </Values>
        </Integer>
        <KeyValueSet dnOrder="152" id="clkSvcMode">
          <Values dnOrder="0">
            <Dynamic dnOrder="0" id="core" value="0"/>
          </Values>
        </KeyValueSet>
      </Symbols>
    </UniqueComponent>
    <GroupComponent displayName="System Configuration" dnOrder="2" id="System Configuration">
      <Children dnOrder="0">
        <UniqueComponent dnOrder="0" id="core_timer">
          <Symbols dnOrder="0">
            <Float dnOrder="0" id="CORE_TIMER_COMPARE_MS">
              <Attributes dnOrder="0">
                <Boolean dnOrder="0" id="visible">
                  <Value dnOrder="0">false</Value>
                </Boolean>
              </Attributes>
            </Float>
            <Integer dnOrder="1" id="CORE_TIMER_FREQUENCY">
              <Values dnOrder="0">
                <Dynamic dnOrder="0" id="core_timer" value="100000000"/>
              </Values>
            </Integer>
            <Boolean dnOrder="2" id="CORE_TIMER_INTERRUPT_MODE">
              <Values dnOrder="0">
                <Dynamic dnOrder="0" id="core_timer" value="true"/>
              </Values>
            </Boolean>
            <Boolean dnOrder="3" id="CORE_TIMER_PERIODIC_INTERRUPT">
              <Attributes dnOrder="0">
                <Boolean dnOrder="0" id="visible">
                  <Value dnOrder="0">true</Value>
                </Boolean>
              </Attributes>
              <Values dnOrder="1">
                <Dynamic dnOrder="0" id="core_timer" value="false"/>
              </Values>
            </Boolean>
            <Integer dnOrder="4" id="CORE_TIMER_PERIOD_US">
              <Values dnOrder="0">
                <Dynamic dnOrder="0" id="core_timer" value="1000"/>
              </Values>
            </Integer>
            <String dnOrder="5" id="CORE_TIMER_PERIOD_VALUE">
              <Values dnOrder="0">
                <Dynamic dnOrder="0" id="core_timer" value="0x186a0"/>
              </Values>
            </String>
          </Symbols>
          <Attachments dnOrder="1">
            <DirectCapability dnOrder="0" id="CORE_TIMER_TMR">
              <Attributes dnOrder="0">
                <String dnOrder="0" id="targetComponentID">
                  <Value dnOrder="0">sys_time</Value>
                </String>
                <String dnOrder="1" id="targetAttachmentID">
                  <Value dnOrder="0">sys_time_TMR_dependency</Value>
                </String>
              </Attributes>
            </DirectCapability>
          </Attachments>
        </UniqueComponent>
        <UniqueComponent dnOrder="1" id="dfp"/>
        <GeneratorComponent dnOrder="2" id="drv_memory">
          <Symbols dnOrder="0">
            <Boolean dnOrder="0" id="DRV_MEMORY_COMMON_FS_ENABLE">
              <Values dnOrder="0">
                <Dynamic dnOrder="0" id="drv_memory" value="true"/>
              </Values>
            </Boolean>
            <Combo dnOrder="1" id="DRV_MEMORY_COMMON_MODE">
              <Values dnOrder="0">
                <Dynamic dnOrder="0" id="drv_memory" value="Asynchronous"/>
              </Values>
            </Combo>
            <Boolean dnOrder="2" id="DRV_MEMORY_COMMON_SYS_TIME_ENABLE">
              <Values dnOrder="0">
                <Dynamic dnOrder="0" id="drv_memory" value="false"/>
              </Values>
            </Boolean>
            <File dnOrder="3" id="DRV_MEMORY_FS_SOURCE">
              <Attributes dnOrder="0">
                <Boolean dnOrder="0" id="enabled">
                  <Value dnOrder="0">true</Value>
                </Boolean>
              </Attributes>
            </File>
          </Symbols>
          <Instances dnOrder="1">
            <InstanceComponent dnOrder="0" id="drv_memory" instance="0">
              <Symbols dnOrder="0">
                <Integer dnOrder="0" id="DRV_MEMORY_BUFFER_QUEUE_SIZE">
                  <Values dnOrder="0">
                    <Dynamic dnOrder="0" id="drv_memory_0" value="1"/>
                  </Values>
                </Integer>
                <String dnOrder="1" id="DRV_MEMORY_DEVICE">
                  <Values dnOrder="0">
                    <Dynamic dnOrder="0" id="drv_memory_0" value="NVM"/>
                  </Values>
                </String>
                <Comment dnOrder="2" id="DRV_MEMORY_DEVICE_COMMENT">
                  <Attributes dnOrder="0">
                    <String dnOrder="0" id="text">
                      <Value dnOrder="0">***&amp;#160;Configure&amp;#160;Memory&amp;#160;Device&amp;#160;in&amp;#160;NVM&amp;#160;Configurations&amp;#160;***</Value>
                    </String>
                  </Attributes>
                </Comment>
                <Combo dnOrder="3" id="DRV_MEMORY_DEVICE_TYPE">
                  <Values dnOrder="0">
                    <Dynamic dnOrder="0" id="sysWifiProvPic32mzw1" value="SYS_FS_MEDIA_TYPE_NVM"/>
                  </Values>
                </Combo>
                <Boolean dnOrder="4" id="DRV_MEMORY_ERASE_ENABLE">
                  <Values dnOrder="0">
                    <Dynamic dnOrder="0" id="drv_memory_0" value="true"/>
                  </Values>
                </Boolean>
                <Boolean dnOrder="5" id="DRV_MEMORY_FS_ENABLE">
                  <Values dnOrder="0">
                    <Dynamic dnOrder="0" id="drv_memory_0" value="true"/>
                  </Values>
                </Boolean>
                <Boolean dnOrder="6" id="DRV_MEMORY_INTERRUPT_ENABLE">
                  <Values dnOrder="0">
                    <Dynamic dnOrder="0" id="drv_memory_0" value="true"/>
                  </Values>
                </Boolean>
                <String dnOrder="7" id="DRV_MEMORY_PLIB">
                  <Values dnOrder="0">
                    <Dynamic dnOrder="0" id="drv_memory_0" value="DRV_NVM"/>
                  </Values>
                </String>
                <File dnOrder="8" id="DRV_MEMORY_PLIB_HEADER">
                  <Attributes dnOrder="0">
                    <String dnOrder="0" id="name">
                      <Value dnOrder="0">drv_memory_nvm.h</Value>
                    </String>
                  </Attributes>
                </File>
                <File dnOrder="9" id="DRV_MEMORY_PLIB_SOURCE">
                  <Attributes dnOrder="0">
                    <String dnOrder="0" id="name">
                      <Value dnOrder="0">drv_memory_nvm.c</Value>
                    </String>
                  </Attributes>
                </File>
              </Symbols>
              <Attachments dnOrder="1">
                <DirectDependency dnOrder="0" id="drv_memory_MEMORY_dependency">
                  <Attributes dnOrder="0">
                    <String dnOrder="0" id="targetComponentID">
                      <Value dnOrder="0">nvm</Value>
                    </String>
                    <String dnOrder="1" id="targetAttachmentID">
                      <Value dnOrder="0">NVM_MEMORY</Value>
                    </String>
                  </Attributes>
                </DirectDependency>
              </Attachments>
            </InstanceComponent>
          </Instances>
        </GeneratorComponent>
        <UniqueComponent dnOrder="3" id="drvWifiPic32mzw1">
          <Symbols dnOrder="0">
            <Boolean dnOrder="0" id="DRV_WIFI_PIC32MZW1_REQUIRE_BA414E">
              <Values dnOrder="0">
                <Dynamic dnOrder="0" id="drvWifiPic32mzw1" value="false"/>
              </Values>
            </Boolean>
            <Boolean dnOrder="1" id="DRV_WIFI_PIC32MZW1_SUPPORT_WPA3">
              <Values dnOrder="0">
                <Dynamic dnOrder="0" id="drvWifiPic32mzw1" value="false"/>
              </Values>
            </Boolean>
          </Symbols>
          <Attachments dnOrder="1">
            <DirectCapability dnOrder="0" id="libdrvPic32mzw1Mac">
              <Attributes dnOrder="0">
                <String dnOrder="0" id="targetComponentID">
                  <Value dnOrder="0">tcpipNetConfig_0</Value>
                </String>
                <String dnOrder="1" id="targetAttachmentID">
                  <Value dnOrder="0">NETCONFIG_MAC_Dependency</Value>
                </String>
              </Attributes>
            </DirectCapability>
          </Attachments>
        </UniqueComponent>
        <UniqueComponent dnOrder="4" id="HarmonyCore">
          <Symbols dnOrder="0">
            <File dnOrder="0" id="APP0_C">
              <Attributes dnOrder="0">
                <Boolean dnOrder="0" id="enabled">
                  <Value dnOrder="0">true</Value>
                </Boolean>
              </Attributes>
            </File>
            <File dnOrder="1" id="APP0_H">
              <Attributes dnOrder="0">
                <Boolean dnOrder="0" id="enabled">
                  <Value dnOrder="0">true</Value>
                </Boolean>
              </Attributes>
            </File>
            <KeyValueSet dnOrder="2" id="COMMON_SYMBOL_CNTR">
              <Attributes dnOrder="0">
                <KeyValuePairList dnOrder="0" id="pairs">
                  <Pairs dnOrder="0">
                    <Pair description="TRUE" dnOrder="0" key="ENABLE_DRV_COMMON" value="3"/>
                    <Pair description="TRUE" dnOrder="1" key="ENABLE_SYS_COMMON" value="4"/>
                    <Pair description="TRUE" dnOrder="2" key="ENABLE_SYS_MEDIA" value="1"/>
                    <Pair description="FALSE" dnOrder="3" key="ENABLE_SYS_PORTS" value="0"/>
                    <Pair description="FALSE" dnOrder="4" key="ENABLE_SYS_DMA" value="0"/>
                    <Pair description="FALSE" dnOrder="5" key="ENABLE_SYS_RESET" value="0"/>
                  </Pairs>
                </KeyValuePairList>
              </Attributes>
            </KeyValueSet>
            <File dnOrder="3" id="CONFIGURATION_H">
              <Attributes dnOrder="0">
                <Boolean dnOrder="0" id="enabled">
                  <Value dnOrder="0">true</Value>
                </Boolean>
              </Attributes>
            </File>
            <File dnOrder="4" id="DRIVER_COMMON">
              <Attributes dnOrder="0">
                <Boolean dnOrder="0" id="enabled">
                  <Value dnOrder="0">true</Value>
                </Boolean>
              </Attributes>
            </File>
            <File dnOrder="5" id="DRIVER_ROOT">
              <Attributes dnOrder="0">
                <Boolean dnOrder="0" id="enabled">
                  <Value dnOrder="0">true</Value>
                </Boolean>
              </Attributes>
            </File>
            <Boolean dnOrder="6" id="ENABLE_APP_FILE">
              <Values dnOrder="0">
                <Dynamic dnOrder="0" id="HarmonyCore" value="true"/>
              </Values>
            </Boolean>
            <Boolean dnOrder="7" id="ENABLE_DRV_COMMON">
              <Values dnOrder="0">
                <Dynamic dnOrder="0" id="sys_console_0" value="true"/>
              </Values>
            </Boolean>
            <Boolean dnOrder="8" id="ENABLE_OSAL">
              <Values dnOrder="0">
                <Dynamic dnOrder="0" id="HarmonyCore" value="true"/>
              </Values>
            </Boolean>
            <Boolean dnOrder="9" id="ENABLE_SYS_CACHE">
              <Values dnOrder="0">
                <Dynamic dnOrder="0" id="HarmonyCore" value="true"/>
              </Values>
            </Boolean>
            <Boolean dnOrder="10" id="ENABLE_SYS_COMMON">
              <Values dnOrder="0">
                <Dynamic dnOrder="0" id="sys_time" value="true"/>
              </Values>
            </Boolean>
            <Boolean dnOrder="11" id="ENABLE_SYS_INT">
              <Values dnOrder="0">
                <Dynamic dnOrder="0" id="HarmonyCore" value="true"/>
              </Values>
            </Boolean>
            <Boolean dnOrder="12" id="ENABLE_SYS_MEDIA">
              <Values dnOrder="0">
                <Dynamic dnOrder="0" id="sys_fs" value="true"/>
              </Values>
            </Boolean>
            <File dnOrder="13" id="GEN_APP_TASKS">
              <Attributes dnOrder="0">
                <Boolean dnOrder="0" id="enabled">
                  <Value dnOrder="0">true</Value>
                </Boolean>
              </Attributes>
            </File>
            <Menu dnOrder="14" id="GEN_APP_TASK_MENU">
              <Attributes dnOrder="0">
                <Boolean dnOrder="0" id="visible">
                  <Value dnOrder="0">true</Value>
                </Boolean>
              </Attributes>
            </Menu>
            <File dnOrder="15" id="INT_DEF">
              <Attributes dnOrder="0">
                <Boolean dnOrder="0" id="enabled">
                  <Value dnOrder="0">true</Value>
                </Boolean>
              </Attributes>
            </File>
            <File dnOrder="16" id="INT_HEADER">
              <Attributes dnOrder="0">
                <Boolean dnOrder="0" id="enabled">
                  <Value dnOrder="0">true</Value>
                </Boolean>
              </Attributes>
            </File>
            <File dnOrder="17" id="INT_MAPPING">
              <Attributes dnOrder="0">
                <Boolean dnOrder="0" id="enabled">
                  <Value dnOrder="0">true</Value>
                </Boolean>
              </Attributes>
            </File>
            <File dnOrder="18" id="INT_SOURCE">
              <Attributes dnOrder="0">
                <Boolean dnOrder="0" id="enabled">
                  <Value dnOrder="0">true</Value>
                </Boolean>
              </Attributes>
            </File>
            <File dnOrder="19" id="OSAL_DEFINITIONS_H">
              <Attributes dnOrder="0">
                <Boolean dnOrder="0" id="enabled">
                  <Value dnOrder="0">true</Value>
                </Boolean>
              </Attributes>
            </File>
            <File dnOrder="20" id="OSAL_H">
              <Attributes dnOrder="0">
                <Boolean dnOrder="0" id="enabled">
                  <Value dnOrder="0">true</Value>
                </Boolean>
              </Attributes>
            </File>
            <File dnOrder="21" id="OSAL_IMPL_BASIC_H">
              <Attributes dnOrder="0">
                <Boolean dnOrder="0" id="enabled">
                  <Value dnOrder="0">true</Value>
                </Boolean>
              </Attributes>
            </File>
            <File dnOrder="22" id="OSAL_SYSDEF_H">
              <Attributes dnOrder="0">
                <Boolean dnOrder="0" id="enabled">
                  <Value dnOrder="0">true</Value>
                </Boolean>
              </Attributes>
            </File>
            <File dnOrder="23" id="SYSTEM_COMMON">
              <Attributes dnOrder="0">
                <Boolean dnOrder="0" id="enabled">
                  <Value dnOrder="0">true</Value>
                </Boolean>
              </Attributes>
            </File>
            <File dnOrder="24" id="SYSTEM_MEDIA">
              <Attributes dnOrder="0">
                <Boolean dnOrder="0" id="enabled">
                  <Value dnOrder="0">true</Value>
                </Boolean>
              </Attributes>
            </File>
            <File dnOrder="25" id="SYSTEM_MODULE">
              <Attributes dnOrder="0">
                <Boolean dnOrder="0" id="enabled">
                  <Value dnOrder="0">true</Value>
                </Boolean>
              </Attributes>
            </File>
            <File dnOrder="26" id="SYSTEM_ROOT">
              <Attributes dnOrder="0">
                <Boolean dnOrder="0" id="enabled">
                  <Value dnOrder="0">true</Value>
                </Boolean>
              </Attributes>
            </File>
            <File dnOrder="27" id="SYS_CACHE_DEF">
              <Attributes dnOrder="0">
                <Boolean dnOrder="0" id="enabled">
                  <Value dnOrder="0">true</Value>
                </Boolean>
              </Attributes>
            </File>
            <File dnOrder="28" id="SYS_CACHE_HEADER">
              <Attributes dnOrder="0">
                <Boolean dnOrder="0" id="enabled">
                  <Value dnOrder="0">true</Value>
                </Boolean>
              </Attributes>
            </File>
            <File dnOrder="29" id="SYS_CACHE_SOURCE">
              <Attributes dnOrder="0">
                <Boolean dnOrder="0" id="enabled">
                  <Value dnOrder="0">true</Value>
                </Boolean>
              </Attributes>
            </File>
            <File dnOrder="30" id="SYS_DEBUG_DEF_HEADER">
              <Attributes dnOrder="0">
                <Boolean dnOrder="0" id="enabled">
                  <Value dnOrder="0">true</Value>
                </Boolean>
              </Attributes>
            </File>
            <File dnOrder="31" id="SYS_DEBUG_HEADER">
              <Attributes dnOrder="0">
                <Boolean dnOrder="0" id="enabled">
                  <Value dnOrder="0">true</Value>
                </Boolean>
              </Attributes>
            </File>
            <File dnOrder="32" id="TASKS_C">
              <Attributes dnOrder="0">
                <Boolean dnOrder="0" id="enabled">
                  <Value dnOrder="0">true</Value>
                </Boolean>
              </Attributes>
            </File>
            <File dnOrder="33" id="USER_H">
              <Attributes dnOrder="0">
                <Boolean dnOrder="0" id="enabled">
                  <Value dnOrder="0">true</Value>
                </Boolean>
              </Attributes>
            </File>
          </Symbols>
        </UniqueComponent>
        <UniqueComponent dnOrder="5" id="lib_crypto">
          <Attachments dnOrder="0">
            <DirectDependency dnOrder="0" id="LIB_CRYPTO_WOLFCRYPT_Dependency">
              <Attributes dnOrder="0">
                <String dnOrder="0" id="targetComponentID">
                  <Value dnOrder="0">lib_wolfcrypt</Value>
                </String>
                <String dnOrder="1" id="targetAttachmentID">
                  <Value dnOrder="0">lib_wolfcrypt</Value>
                </String>
              </Attributes>
            </DirectDependency>
          </Attachments>
        </UniqueComponent>
        <UniqueComponent dnOrder="6" id="lib_wolfcrypt">
          <Symbols dnOrder="0">
            <Boolean dnOrder="0" id="cryptoCrya_U2803">
              <Values dnOrder="0">
                <Dynamic dnOrder="0" id="lib_wolfcrypt" value="false"/>
              </Values>
            </Boolean>
            <Boolean dnOrder="1" id="cryptoCrya_U2805">
              <Values dnOrder="0">
                <Dynamic dnOrder="0" id="lib_wolfcrypt" value="false"/>
              </Values>
            </Boolean>
            <Boolean dnOrder="2" id="wolfcrypt_aes_hw">
              <Attributes dnOrder="0">
                <Boolean dnOrder="0" id="visible">
                  <Value dnOrder="0">true</Value>
                </Boolean>
              </Attributes>
            </Boolean>
            <Boolean dnOrder="3" id="wolfcrypt_hkdf">
              <Attributes dnOrder="0">
                <Boolean dnOrder="0" id="visible">
                  <Value dnOrder="0">true</Value>
                </Boolean>
              </Attributes>
            </Boolean>
            <Boolean dnOrder="4" id="wolfcrypt_hmac">
              <Attributes dnOrder="0">
                <Boolean dnOrder="0" id="visible">
                  <Value dnOrder="0">true</Value>
                </Boolean>
              </Attributes>
            </Boolean>
            <Boolean dnOrder="5" id="wolfcrypt_hw">
              <Values dnOrder="0">
                <Dynamic dnOrder="0" id="sysWifiPic32mzw1" value="true"/>
              </Values>
            </Boolean>
            <Boolean dnOrder="6" id="wolfcrypt_md5_hw">
              <Attributes dnOrder="0">
                <Boolean dnOrder="0" id="visible">
                  <Value dnOrder="0">true</Value>
                </Boolean>
              </Attributes>
            </Boolean>
            <Boolean dnOrder="7" id="wolfcrypt_sha1_hw">
              <Attributes dnOrder="0">
                <Boolean dnOrder="0" id="visible">
                  <Value dnOrder="0">true</Value>
                </Boolean>
              </Attributes>
            </Boolean>
            <Boolean dnOrder="8" id="wolfcrypt_sha224">
              <Attributes dnOrder="0">
                <Boolean dnOrder="0" id="visible">
                  <Value dnOrder="0">true</Value>
                </Boolean>
              </Attributes>
            </Boolean>
            <Boolean dnOrder="9" id="wolfcrypt_sha264_hw">
              <Attributes dnOrder="0">
                <Boolean dnOrder="0" id="visible">
                  <Value dnOrder="0">true</Value>
                </Boolean>
              </Attributes>
            </Boolean>
            <Boolean dnOrder="10" id="wolfcrypt_tdes_hw">
              <Attributes dnOrder="0">
                <Boolean dnOrder="0" id="visible">
                  <Value dnOrder="0">true</Value>
                </Boolean>
              </Attributes>
            </Boolean>
          </Symbols>
        </UniqueComponent>
        <UniqueComponent dnOrder="7" id="nvm">
          <Symbols dnOrder="0">
            <Boolean dnOrder="0" id="DRV_MEMORY_CONNECTED">
              <Values dnOrder="0">
                <Dynamic dnOrder="0" id="drv_memory_0" value="true"/>
              </Values>
            </Boolean>
            <Integer dnOrder="1" id="ERASE_BUFFER_SIZE">
              <Attributes dnOrder="0">
                <Boolean dnOrder="0" id="visible">
                  <Value dnOrder="0">true</Value>
                </Boolean>
              </Attributes>
            </Integer>
            <Comment dnOrder="2" id="ERASE_COMMENT">
              <Attributes dnOrder="0">
                <Boolean dnOrder="0" id="visible">
                  <Value dnOrder="0">true</Value>
                </Boolean>
              </Attributes>
            </Comment>
            <Integer dnOrder="3" id="MEMORY_MEDIA_SIZE">
              <Attributes dnOrder="0">
                <Boolean dnOrder="0" id="visible">
                  <Value dnOrder="0">true</Value>
                </Boolean>
              </Attributes>
              <Values dnOrder="1">
                <Dynamic dnOrder="0" id="sysWifiProvPic32mzw1" value="64"/>
              </Values>
            </Integer>
            <String dnOrder="4" id="START_ADDRESS">
              <Attributes dnOrder="0">
                <Boolean dnOrder="0" id="visible">
                  <Value dnOrder="0">true</Value>
                </Boolean>
              </Attributes>
              <Values dnOrder="1">
                <Dynamic dnOrder="0" id="sysWifiProvPic32mzw1" value="90010000"/>
              </Values>
            </String>
          </Symbols>
          <Attachments dnOrder="1">
            <DirectCapability dnOrder="0" id="NVM_MEMORY">
              <Attributes dnOrder="0">
                <String dnOrder="0" id="targetComponentID">
                  <Value dnOrder="0">drv_memory_0</Value>
                </String>
                <String dnOrder="1" id="targetAttachmentID">
                  <Value dnOrder="0">drv_memory_MEMORY_dependency</Value>
                </String>
              </Attributes>
            </DirectCapability>
          </Attachments>
        </UniqueComponent>
        <UniqueComponent dnOrder="8" id="sys_command">
          <Symbols dnOrder="0">
            <String dnOrder="0" id="SYS_CONSOLE_DEVICE">
              <Values dnOrder="0">
                <Dynamic dnOrder="0" id="sys_command" value="SYS_CONSOLE_0"/>
              </Values>
            </String>
            <String dnOrder="1" id="SYS_CONSOLE_INDEX">
              <Values dnOrder="0">
                <Dynamic dnOrder="0" id="sys_command" value="0"/>
              </Values>
            </String>
          </Symbols>
          <Attachments dnOrder="1">
            <DirectDependency dnOrder="0" id="sys_command_SYS_CONSOLE_dependency">
              <Attributes dnOrder="0">
                <String dnOrder="0" id="targetComponentID">
                  <Value dnOrder="0">sys_console_0</Value>
                </String>
                <String dnOrder="1" id="targetAttachmentID">
                  <Value dnOrder="0">sys_console</Value>
                </String>
              </Attributes>
            </DirectDependency>
          </Attachments>
        </UniqueComponent>
        <GeneratorComponent dnOrder="9" id="sys_console">
          <Symbols dnOrder="0">
            <Integer dnOrder="0" id="SYS_CONSOLE_PRINT_BUFFER_SIZE">
              <Values dnOrder="0">
                <Dynamic dnOrder="0" id="sysWifiPic32mzw1" value="256"/>
              </Values>
            </Integer>
            <Integer dnOrder="1" id="SYS_CONSOLE_UART_CONNECTION_COUNTER">
              <Values dnOrder="0">
                <Dynamic dnOrder="0" id="sys_console" value="1"/>
              </Values>
            </Integer>
          </Symbols>
          <Instances dnOrder="1">
            <InstanceComponent dnOrder="0" id="sys_console" instance="0">
              <Symbols dnOrder="0">
                <Comment dnOrder="0" id="SYS_CONSOLE_BUFFER_CONFIG_COMMENT">
                  <Attributes dnOrder="0">
                    <Boolean dnOrder="0" id="visible">
                      <Value dnOrder="0">true</Value>
                    </Boolean>
                  </Attributes>
                </Comment>
                <String dnOrder="1" id="SYS_CONSOLE_DEVICE">
                  <Values dnOrder="0">
                    <Dynamic dnOrder="0" id="sys_console_0" value="UART1"/>
                  </Values>
                </String>
                <String dnOrder="2" id="SYS_CONSOLE_DEVICE_SET">
                  <Values dnOrder="0">
                    <Dynamic dnOrder="0" id="sys_console_0" value="UART"/>
                  </Values>
                </String>
                <Integer dnOrder="3" id="SYS_CONSOLE_DEVICE_UART_INDEX">
                  <Values dnOrder="0">
                    <Dynamic dnOrder="0" id="sys_console" value="0"/>
                  </Values>
                </Integer>
                <File dnOrder="4" id="SYS_CONSOLE_UART_DEFINITIONS_HEADER">
                  <Attributes dnOrder="0">
                    <Boolean dnOrder="0" id="enabled">
                      <Value dnOrder="0">true</Value>
                    </Boolean>
                  </Attributes>
                </File>
                <File dnOrder="5" id="SYS_CONSOLE_UART_HEADER">
                  <Attributes dnOrder="0">
                    <Boolean dnOrder="0" id="enabled">
                      <Value dnOrder="0">true</Value>
                    </Boolean>
                  </Attributes>
                </File>
                <File dnOrder="6" id="SYS_CONSOLE_UART_SOURCE">
                  <Attributes dnOrder="0">
                    <Boolean dnOrder="0" id="enabled">
                      <Value dnOrder="0">true</Value>
                    </Boolean>
                  </Attributes>
                </File>
              </Symbols>
              <Attachments dnOrder="1">
                <DirectDependency dnOrder="0" id="sys_console_UART_dependency">
                  <Attributes dnOrder="0">
                    <String dnOrder="0" id="targetComponentID">
                      <Value dnOrder="0">uart1</Value>
                    </String>
                    <String dnOrder="1" id="targetAttachmentID">
                      <Value dnOrder="0">UART1_UART</Value>
                    </String>
                  </Attributes>
                </DirectDependency>
              </Attachments>
            </InstanceComponent>
          </Instances>
        </GeneratorComponent>
        <UniqueComponent dnOrder="10" id="sys_debug">
          <Symbols dnOrder="0">
            <String dnOrder="0" id="SYS_CONSOLE_DEVICE">
              <Values dnOrder="0">
                <Dynamic dnOrder="0" id="sys_debug" value="SYS_CONSOLE_0"/>
              </Values>
            </String>
            <String dnOrder="1" id="SYS_CONSOLE_INDEX">
              <Values dnOrder="0">
                <Dynamic dnOrder="0" id="sys_debug" value="0"/>
              </Values>
            </String>
          </Symbols>
          <Attachments dnOrder="1">
            <DirectDependency dnOrder="0" id="sys_debug_SYS_CONSOLE_dependency">
              <Attributes dnOrder="0">
                <String dnOrder="0" id="targetComponentID">
                  <Value dnOrder="0">sys_console_0</Value>
                </String>
                <String dnOrder="1" id="targetAttachmentID">
                  <Value dnOrder="0">sys_console</Value>
                </String>
              </Attributes>
            </DirectDependency>
          </Attachments>
        </UniqueComponent>
        <UniqueComponent dnOrder="11" id="sys_fs">
          <Symbols dnOrder="0">
            <Boolean dnOrder="0" id="SYS_FS_ALIGNED_BUFFER_ENABLE">
              <Attributes dnOrder="0">
                <Boolean dnOrder="0" id="visible">
                  <Value dnOrder="0">false</Value>
                </Boolean>
              </Attributes>
            </Boolean>
            <File dnOrder="1" id="SYS_FS_DISKIO_HEADER">
              <Attributes dnOrder="0">
                <Boolean dnOrder="0" id="enabled">
                  <Value dnOrder="0">false</Value>
                </Boolean>
              </Attributes>
            </File>
            <File dnOrder="2" id="SYS_FS_DISKIO_SOURCE">
              <Attributes dnOrder="0">
                <Boolean dnOrder="0" id="enabled">
                  <Value dnOrder="0">false</Value>
                </Boolean>
              </Attributes>
            </File>
            <Boolean dnOrder="3" id="SYS_FS_FAT">
              <Values dnOrder="0">
                <Dynamic dnOrder="0" id="sysWifiProvPic32mzw1" value="false"/>
              </Values>
            </Boolean>
            <KeyValueSet dnOrder="4" id="SYS_FS_FAT_CODE_PAGE">
              <Attributes dnOrder="0">
                <Boolean dnOrder="0" id="visible">
                  <Value dnOrder="0">false</Value>
                </Boolean>
              </Attributes>
            </KeyValueSet>
            <File dnOrder="5" id="SYS_FS_FAT_CONF_HEADER">
              <Attributes dnOrder="0">
                <Boolean dnOrder="0" id="enabled">
                  <Value dnOrder="0">false</Value>
                </Boolean>
              </Attributes>
            </File>
            <Boolean dnOrder="6" id="SYS_FS_FAT_EXFAT_ENABLE">
              <Attributes dnOrder="0">
                <Boolean dnOrder="0" id="visible">
                  <Value dnOrder="0">false</Value>
                </Boolean>
              </Attributes>
            </Boolean>
            <File dnOrder="7" id="SYS_FS_FAT_HEADER">
              <Attributes dnOrder="0">
                <Boolean dnOrder="0" id="enabled">
                  <Value dnOrder="0">false</Value>
                </Boolean>
              </Attributes>
            </File>
            <File dnOrder="8" id="SYS_FS_FAT_INTERFACE_HEADER">
              <Attributes dnOrder="0">
                <Boolean dnOrder="0" id="enabled">
                  <Value dnOrder="0">false</Value>
                </Boolean>
              </Attributes>
            </File>
            <File dnOrder="9" id="SYS_FS_FAT_INTERFACE_SOURCE">
              <Attributes dnOrder="0">
                <Boolean dnOrder="0" id="enabled">
                  <Value dnOrder="0">false</Value>
                </Boolean>
              </Attributes>
            </File>
            <Boolean dnOrder="10" id="SYS_FS_FAT_READONLY">
              <Attributes dnOrder="0">
                <Boolean dnOrder="0" id="visible">
                  <Value dnOrder="0">false</Value>
                </Boolean>
              </Attributes>
            </Boolean>
            <File dnOrder="11" id="SYS_FS_FAT_SOURCE">
              <Attributes dnOrder="0">
                <Boolean dnOrder="0" id="enabled">
                  <Value dnOrder="0">false</Value>
                </Boolean>
              </Attributes>
            </File>
            <File dnOrder="12" id="SYS_FS_FAT_UNICODE_SOURCE">
              <Attributes dnOrder="0">
                <Boolean dnOrder="0" id="enabled">
                  <Value dnOrder="0">false</Value>
                </Boolean>
              </Attributes>
            </File>
            <Combo dnOrder="13" id="SYS_FS_FAT_VERSION">
              <Attributes dnOrder="0">
                <Boolean dnOrder="0" id="visible">
                  <Value dnOrder="0">false</Value>
                </Boolean>
              </Attributes>
            </Combo>
            <Setting dnOrder="14" id="SYS_FS_FAT_XC32CPP_INCLUDE_PATH">
              <Attributes dnOrder="0">
                <Boolean dnOrder="0" id="enabled">
                  <Value dnOrder="0">false</Value>
                </Boolean>
              </Attributes>
            </Setting>
            <Setting dnOrder="15" id="SYS_FS_FAT_XC32_INCLUDE_PATH">
              <Attributes dnOrder="0">
                <Boolean dnOrder="0" id="enabled">
                  <Value dnOrder="0">false</Value>
                </Boolean>
              </Attributes>
            </Setting>
            <Integer dnOrder="16" id="SYS_FS_MAX_FILES">
              <Values dnOrder="0">
                <Dynamic dnOrder="0" id="sysWifiProvPic32mzw1" value="10"/>
              </Values>
            </Integer>
            <Boolean dnOrder="17" id="SYS_FS_MPFS">
              <Values dnOrder="0">
                <Dynamic dnOrder="0" id="sysWifiProvPic32mzw1" value="true"/>
              </Values>
            </Boolean>
            <File dnOrder="18" id="SYS_FS_MPFS_HEADER">
              <Attributes dnOrder="0">
                <Boolean dnOrder="0" id="enabled">
                  <Value dnOrder="0">true</Value>
                </Boolean>
              </Attributes>
            </File>
            <File dnOrder="19" id="SYS_FS_MPFS_LOCAL_HEADER">
              <Attributes dnOrder="0">
                <Boolean dnOrder="0" id="enabled">
                  <Value dnOrder="0">true</Value>
                </Boolean>
              </Attributes>
            </File>
            <File dnOrder="20" id="SYS_FS_MPFS_SOURCE">
              <Attributes dnOrder="0">
                <Boolean dnOrder="0" id="enabled">
                  <Value dnOrder="0">true</Value>
                </Boolean>
              </Attributes>
            </File>
          </Symbols>
          <Attachments dnOrder="1">
            <MultiCapability dnOrder="0" id="sys_fs_DRV_MEDIA_dependency">
              <TargetAttachments dnOrder="0">
                <TargetAttachment dnOrder="0" targetAttachmentID="drv_media" targetComponentID="drv_memory_0"/>
              </TargetAttachments>
            </MultiCapability>
          </Attachments>
        </UniqueComponent>
        <UniqueComponent dnOrder="12" id="sys_time">
          <Symbols dnOrder="0">
            <Combo dnOrder="0" id="SYS_TIME_OPERATING_MODE">
              <Attributes dnOrder="0">
                <Boolean dnOrder="0" id="readOnly">
                  <Value dnOrder="0">true</Value>
                </Boolean>
                <Boolean dnOrder="1" id="visible">
                  <Value dnOrder="0">true</Value>
                </Boolean>
              </Attributes>
              <Values dnOrder="1">
                <Dynamic dnOrder="0" id="sys_time" value="TICKLESS"/>
              </Values>
            </Combo>
            <String dnOrder="1" id="SYS_TIME_PLIB">
              <Values dnOrder="0">
                <Dynamic dnOrder="0" id="sys_time" value="CORE_TIMER"/>
              </Values>
            </String>
            <String dnOrder="2" id="SYS_TIME_REMOTE_COMPONENT_ID">
              <Values dnOrder="0">
                <Dynamic dnOrder="0" id="sys_time" value="core_timer"/>
              </Values>
            </String>
          </Symbols>
          <Attachments dnOrder="1">
            <DirectDependency dnOrder="0" id="sys_time_TMR_dependency">
              <Attributes dnOrder="0">
                <String dnOrder="0" id="targetComponentID">
                  <Value dnOrder="0">core_timer</Value>
                </String>
                <String dnOrder="1" id="targetAttachmentID">
                  <Value dnOrder="0">CORE_TIMER_TMR</Value>
                </String>
              </Attributes>
            </DirectDependency>
          </Attachments>
        </UniqueComponent>
        <GroupComponent displayName="TCP/IP STACK" dnOrder="13" id="TCP/IP STACK">
          <Children dnOrder="0">
            <GroupComponent displayName="APPLICATION LAYER" dnOrder="0" id="APPLICATION LAYER">
              <Children dnOrder="0">
                <UniqueComponent dnOrder="0" id="tcpip_apps_config">
                  <Symbols dnOrder="0">
                    <Boolean dnOrder="0" id="TCPIP_AUTOCONFIG_ENABLE_DHCP_CLIENT">
                      <Values dnOrder="0">
                        <Dynamic dnOrder="0" id="sysWifiPic32mzw1" value="true"/>
                      </Values>
                    </Boolean>
                    <Boolean dnOrder="1" id="TCPIP_AUTOCONFIG_ENABLE_DHCP_SERVER">
                      <Values dnOrder="0">
                        <Dynamic dnOrder="0" id="sysWifiPic32mzw1" value="true"/>
                      </Values>
                    </Boolean>
                    <Boolean dnOrder="2" id="TCPIP_AUTOCONFIG_ENABLE_DNS_CLIENT">
                      <Values dnOrder="0">
                        <Dynamic dnOrder="0" id="sysWifiPic32mzw1" value="true"/>
                      </Values>
                    </Boolean>
                    <Boolean dnOrder="3" id="TCPIP_AUTOCONFIG_ENABLE_DNS_SERVER">
                      <Values dnOrder="0">
                        <Dynamic dnOrder="0" id="sysWifiPic32mzw1" value="true"/>
                      </Values>
                    </Boolean>
                  </Symbols>
                </UniqueComponent>
                <UniqueComponent dnOrder="1" id="tcpipDhcp">
                  <Symbols dnOrder="0">
                    <Integer dnOrder="0" id="TCPIP_DHCP_HEAP_SIZE">
                      <Values dnOrder="0">
                        <Dynamic dnOrder="0" id="tcpipDhcp" value="88"/>
                      </Values>
                    </Integer>
                  </Symbols>
                </UniqueComponent>
                <UniqueComponent dnOrder="2" id="tcpipDhcps">
                  <Symbols dnOrder="0">
                    <Integer dnOrder="0" id="TCPIP_DHCP_SERVER_HEAP_SIZE">
                      <Values dnOrder="0">
                        <Dynamic dnOrder="0" id="tcpipDhcps" value="492"/>
                      </Values>
                    </Integer>
                  </Symbols>
                </UniqueComponent>
                <UniqueComponent dnOrder="3" id="tcpipDns">
                  <Symbols dnOrder="0">
                    <Integer dnOrder="0" id="TCPIP_DNS_CLIENT_HEAP_SIZE">
                      <Values dnOrder="0">
                        <Dynamic dnOrder="0" id="tcpipDns" value="504"/>
                      </Values>
                    </Integer>
                  </Symbols>
                </UniqueComponent>
                <UniqueComponent dnOrder="4" id="tcpipDnss">
                  <Symbols dnOrder="0">
                    <Integer dnOrder="0" id="TCPIP_DNSS_HEAP_SIZE">
                      <Values dnOrder="0">
                        <Dynamic dnOrder="0" id="tcpipDnss" value="264"/>
                      </Values>
                    </Integer>
                  </Symbols>
                </UniqueComponent>
                <UniqueComponent dnOrder="5" id="tcpipHttp">
                  <Symbols dnOrder="0">
                    <Boolean dnOrder="0" id="TCPIP_HTTP_CUSTOM_TEMPLATE">
                      <Values dnOrder="0">
                        <Dynamic dnOrder="0" id="sysWifiProvPic32mzw1" value="false"/>
                      </Values>
                    </Boolean>
                    <Boolean dnOrder="1" id="TCPIP_HTTP_CUSTOM_TEMPLATE_SL">
                      <Values dnOrder="0">
                        <Dynamic dnOrder="0" id="sysWifiProvPic32mzw1" value="false"/>
                      </Values>
                    </Boolean>
                    <Integer dnOrder="2" id="TCPIP_HTTP_HEAP_SIZE">
                      <Values dnOrder="0">
                        <Dynamic dnOrder="0" id="tcpipHttp" value="1840"/>
                      </Values>
                    </Integer>
                  </Symbols>
                </UniqueComponent>
              </Children>
            </GroupComponent>
            <GroupComponent displayName="BASIC CONFIGURATION" dnOrder="1" id="BASIC CONFIGURATION">
              <Children dnOrder="0">
                <UniqueComponent dnOrder="0" id="tcpip_basic_config">
                  <Symbols dnOrder="0">
                    <Boolean dnOrder="0" id="TCPIP_AUTOCONFIG_ENABLE_NETCONFIG">
                      <Values dnOrder="0">
                        <Dynamic dnOrder="0" id="tcpip_apps_config" value="true"/>
                      </Values>
                    </Boolean>
                    <Boolean dnOrder="1" id="TCPIP_AUTOCONFIG_ENABLE_STACK">
                      <Values dnOrder="0">
                        <Dynamic dnOrder="0" id="tcpip_apps_config" value="true"/>
                      </Values>
                    </Boolean>
                    <Boolean dnOrder="2" id="TCPIP_AUTOCONFIG_ENABLE_TCPIPCMD">
                      <Values dnOrder="0">
                        <Dynamic dnOrder="0" id="sysWifiPic32mzw1" value="true"/>
                      </Values>
                    </Boolean>
                  </Symbols>
                </UniqueComponent>
                <UniqueComponent dnOrder="1" id="tcpipCmd">
                  <Symbols dnOrder="0">
                    <Integer dnOrder="0" id="TCPIP_STACK_COMMANDS_ICMP_ECHO_REQUEST_BUFF_SIZE">
                      <Attributes dnOrder="0">
                        <Boolean dnOrder="0" id="visible">
                          <Value dnOrder="0">true</Value>
                        </Boolean>
                      </Attributes>
                    </Integer>
                    <Integer dnOrder="1" id="TCPIP_STACK_COMMANDS_ICMP_ECHO_REQUEST_DATA_SIZE">
                      <Attributes dnOrder="0">
                        <Boolean dnOrder="0" id="visible">
                          <Value dnOrder="0">true</Value>
                        </Boolean>
                      </Attributes>
                    </Integer>
                  </Symbols>
                </UniqueComponent>
              </Children>
            </GroupComponent>
            <GroupComponent displayName="DRIVER LAYER" dnOrder="2" id="DRIVER LAYER">
              <Children dnOrder="0">
                <UniqueComponent dnOrder="0" id="tcpip_driver_config"/>
              </Children>
            </GroupComponent>
            <GroupComponent displayName="NETWORK LAYER" dnOrder="3" id="NETWORK LAYER">
              <Children dnOrder="0">
                <UniqueComponent dnOrder="0" id="tcpip_network_config">
                  <Symbols dnOrder="0">
                    <Boolean dnOrder="0" id="TCPIP_AUTOCONFIG_ENABLE_ARP">
                      <Values dnOrder="0">
                        <Dynamic dnOrder="0" id="tcpip_network_config" value="true"/>
                      </Values>
                    </Boolean>
                    <Boolean dnOrder="1" id="TCPIP_AUTOCONFIG_ENABLE_ICMPv4">
                      <Values dnOrder="0">
                        <Dynamic dnOrder="0" id="sysWifiPic32mzw1" value="true"/>
                      </Values>
                    </Boolean>
                    <Boolean dnOrder="2" id="TCPIP_AUTOCONFIG_ENABLE_IPV4">
                      <Values dnOrder="0">
                        <Dynamic dnOrder="0" id="tcpip_apps_config" value="true"/>
                      </Values>
                    </Boolean>
                  </Symbols>
                </UniqueComponent>
                <UniqueComponent dnOrder="1" id="tcpipArp">
                  <Symbols dnOrder="0">
                    <Integer dnOrder="0" id="TCPIP_ARP_HEAP_SIZE">
                      <Values dnOrder="0">
                        <Dynamic dnOrder="0" id="tcpipArp" value="222"/>
                      </Values>
                    </Integer>
                  </Symbols>
                </UniqueComponent>
                <UniqueComponent dnOrder="2" id="tcpipIcmp">
                  <Symbols dnOrder="0">
                    <Boolean dnOrder="0" id="TCPIP_ICMP_CLIENT_USER_NOTIFICATION">
                      <Attributes dnOrder="0">
                        <Boolean dnOrder="0" id="visible">
                          <Value dnOrder="0">true</Value>
                        </Boolean>
                      </Attributes>
                      <Values dnOrder="1">
                        <Dynamic dnOrder="0" id="sysWifiPic32mzw1" value="true"/>
                      </Values>
                    </Boolean>
                    <Integer dnOrder="1" id="TCPIP_ICMP_ECHO_REQUEST_TIMEOUT">
                      <Attributes dnOrder="0">
                        <Boolean dnOrder="0" id="visible">
                          <Value dnOrder="0">true</Value>
                        </Boolean>
                      </Attributes>
                    </Integer>
                    <Integer dnOrder="2" id="TCPIP_ICMP_TASK_TICK_RATE">
                      <Attributes dnOrder="0">
                        <Boolean dnOrder="0" id="visible">
                          <Value dnOrder="0">true</Value>
                        </Boolean>
                      </Attributes>
                    </Integer>
                    <Boolean dnOrder="3" id="TCPIP_STACK_USE_ICMP_CLIENT">
                      <Values dnOrder="0">
                        <Dynamic dnOrder="0" id="sysWifiPic32mzw1" value="true"/>
                      </Values>
                    </Boolean>
                  </Symbols>
                </UniqueComponent>
                <UniqueComponent dnOrder="3" id="tcpipIPv4"/>
              </Children>
            </GroupComponent>
            <GroupComponent displayName="TRANSPORT LAYER" dnOrder="4" id="TRANSPORT LAYER">
              <Children dnOrder="0">
                <UniqueComponent dnOrder="0" id="tcpip_transport_config">
                  <Symbols dnOrder="0">
                    <Boolean dnOrder="0" id="TCPIP_AUTOCONFIG_ENABLE_TCP">
                      <Values dnOrder="0">
                        <Dynamic dnOrder="0" id="sysWifiPic32mzw1" value="true"/>
                      </Values>
                    </Boolean>
                    <Boolean dnOrder="1" id="TCPIP_AUTOCONFIG_ENABLE_UDP">
                      <Values dnOrder="0">
                        <Dynamic dnOrder="0" id="tcpip_apps_config" value="true"/>
                      </Values>
                    </Boolean>
                  </Symbols>
                </UniqueComponent>
                <UniqueComponent dnOrder="1" id="tcpipTcp">
                  <Symbols dnOrder="0">
                    <Integer dnOrder="0" id="TCPIP_TCP_HEAP_SIZE">
                      <Values dnOrder="0">
                        <Dynamic dnOrder="0" id="tcpipTcp" value="12264"/>
                      </Values>
                    </Integer>
                  </Symbols>
                </UniqueComponent>
                <UniqueComponent dnOrder="2" id="tcpipUdp">
                  <Symbols dnOrder="0">
                    <Integer dnOrder="0" id="TCPIP_UDP_HEAP_SIZE">
                      <Values dnOrder="0">
                        <Dynamic dnOrder="0" id="tcpipUdp" value="16360"/>
                      </Values>
                    </Integer>
                  </Symbols>
                </UniqueComponent>
              </Children>
            </GroupComponent>
          </Children>
        </GroupComponent>
        <GeneratorComponent dnOrder="14" id="tcpipNetConfig">
          <Instances dnOrder="0">
            <InstanceComponent dnOrder="0" id="tcpipNetConfig" instance="0">
              <Symbols dnOrder="0">
                <String dnOrder="0" id="TCPIP_NETWORK_DEFAULT_DNS_IDX0">
                  <Values dnOrder="0">
                    <Dynamic dnOrder="0" id="tcpipNetConfig_0" value="192.168.1.1"/>
                  </Values>
                </String>
                <String dnOrder="1" id="TCPIP_NETWORK_DEFAULT_GATEWAY_IDX0">
                  <Values dnOrder="0">
                    <Dynamic dnOrder="0" id="tcpipNetConfig_0" value="192.168.1.1"/>
                  </Values>
                </String>
                <String dnOrder="2" id="TCPIP_NETWORK_DEFAULT_HOST_NAME_IDX0">
                  <Values dnOrder="0">
                    <Dynamic dnOrder="0" id="tcpipNetConfig_0" value="MCHPBOARD_W"/>
                  </Values>
                </String>
                <String dnOrder="3" id="TCPIP_NETWORK_DEFAULT_INTERFACE_NAME_IDX0">
                  <Values dnOrder="0">
                    <Dynamic dnOrder="0" id="tcpipNetConfig_0" value="PIC32MZW1"/>
                  </Values>
                </String>
                <String dnOrder="4" id="TCPIP_NETWORK_DEFAULT_IP_ADDRESS_IDX0">
                  <Values dnOrder="0">
                    <Dynamic dnOrder="0" id="tcpipNetConfig_0" value="0.0.0.0"/>
                  </Values>
                </String>
                <String dnOrder="5" id="TCPIP_NETWORK_DEFAULT_MAC_DRIVER_IDX0">
                  <Values dnOrder="0">
                    <Dynamic dnOrder="0" id="tcpipNetConfig_0" value="WDRV_PIC32MZW1_MACObject"/>
                  </Values>
                </String>
                <Boolean dnOrder="6" id="TCPIP_STACK_NETWORK_CONFIG_IDX0">
                  <Values dnOrder="0">
                    <Dynamic dnOrder="0" id="tcpipNetConfig_0" value="true"/>
                  </Values>
                </Boolean>
                <Integer dnOrder="7" id="TCPIP_STACK_NETWORK_CONFIG_NUMBER">
                  <Values dnOrder="0">
                    <Dynamic dnOrder="0" id="tcpipNetConfig_0" value="0"/>
                  </Values>
                </Integer>
              </Symbols>
              <Attachments dnOrder="1">
                <DirectDependency dnOrder="0" id="NETCONFIG_MAC_Dependency">
                  <Attributes dnOrder="0">
                    <String dnOrder="0" id="targetComponentID">
                      <Value dnOrder="0">drvWifiPic32mzw1</Value>
                    </String>
                    <String dnOrder="1" id="targetAttachmentID">
                      <Value dnOrder="0">libdrvPic32mzw1Mac</Value>
                    </String>
                  </Attributes>
                </DirectDependency>
              </Attachments>
            </InstanceComponent>
          </Instances>
        </GeneratorComponent>
        <UniqueComponent dnOrder="15" id="tcpipStack">
          <Symbols dnOrder="0">
            <String dnOrder="0" id="TCPIP_STACK_CALLOC_FUNC">
              <Values dnOrder="0">
                <Dynamic dnOrder="0" id="sysWifiPic32mzw1" value="calloc"/>
              </Values>
            </String>
            <Integer dnOrder="1" id="TCPIP_STACK_DRAM_RUN_LIMIT">
              <Attributes dnOrder="0">
                <Boolean dnOrder="0" id="visible">
                  <Value dnOrder="0">false</Value>
                </Boolean>
              </Attributes>
            </Integer>
            <Integer dnOrder="2" id="TCPIP_STACK_DRAM_SIZE">
              <Attributes dnOrder="0">
                <Boolean dnOrder="0" id="visible">
                  <Value dnOrder="0">false</Value>
                </Boolean>
              </Attributes>
              <Values dnOrder="1">
                <Dynamic dnOrder="0" id="sysWifiPic32mzw1" value="65000"/>
              </Values>
            </Integer>
            <String dnOrder="3" id="TCPIP_STACK_FREE_FUNC">
              <Values dnOrder="0">
                <Dynamic dnOrder="0" id="sysWifiPic32mzw1" value="free"/>
              </Values>
            </String>
            <Integer dnOrder="4" id="TCPIP_STACK_HEAP_SIZE_RECOMMEND">
              <Values dnOrder="0">
                <Dynamic dnOrder="0" id="tcpipStack" value="31"/>
              </Values>
            </Integer>
            <String dnOrder="5" id="TCPIP_STACK_MALLOC_FUNC">
              <Values dnOrder="0">
                <Dynamic dnOrder="0" id="sysWifiPic32mzw1" value="malloc"/>
              </Values>
            </String>
            <Boolean dnOrder="6" id="TCPIP_STACK_USER_NOTIFICATION">
              <Values dnOrder="0">
                <Dynamic dnOrder="0" id="sysWifiPic32mzw1" value="true"/>
              </Values>
            </Boolean>
            <Combo dnOrder="7" id="TCPIP_STACK_USE_HEAP_CONFIG">
              <Values dnOrder="0">
                <User dnOrder="0" value="TCPIP_STACK_HEAP_TYPE_EXTERNAL_HEAP"/>
              </Values>
            </Combo>
          </Symbols>
          <Attachments dnOrder="1">
            <DirectDependency dnOrder="0" id="Core_SysConsole_Dependency">
              <Attributes dnOrder="0">
                <String dnOrder="0" id="targetComponentID">
                  <Value dnOrder="0">sys_console_0</Value>
                </String>
                <String dnOrder="1" id="targetAttachmentID">
                  <Value dnOrder="0">sys_console</Value>
                </String>
              </Attributes>
            </DirectDependency>
          </Attachments>
        </UniqueComponent>
        <UniqueComponent dnOrder="16" id="uart1">
          <Symbols dnOrder="0">
            <Integer dnOrder="0" id="BRG_VALUE">
              <Values dnOrder="0">
                <Dynamic dnOrder="0" id="uart1" value="216"/>
              </Values>
            </Integer>
            <KeyValueSet dnOrder="1" id="UART_BRGH">
              <Values dnOrder="0">
                <Dynamic dnOrder="0" id="uart1" value="0"/>
              </Values>
            </KeyValueSet>
            <Comment dnOrder="2" id="UART_BRGH_MODE_COMMENT">
              <Attributes dnOrder="0">
                <String dnOrder="0" id="text">
                  <Value dnOrder="0">***&amp;#160;High&amp;#160;Speed&amp;#160;mode&amp;#160;4x&amp;#160;baud&amp;#160;clock&amp;#160;enabled&amp;#160;(BRGH&amp;#160;=&amp;#160;1)&amp;#160;***</Value>
                </String>
              </Attributes>
            </Comment>
            <Integer dnOrder="3" id="UART_CLOCK_FREQ">
              <Values dnOrder="0">
                <Dynamic dnOrder="0" id="uart1" value="100000000"/>
              </Values>
            </Integer>
            <File dnOrder="4" id="UART_HEADER">
              <Attributes dnOrder="0">
                <String dnOrder="0" id="source">
                  <Value dnOrder="0">../peripheral/uart_02478/templates/plib_uart_ring_buffer.h.ftl</Value>
                </String>
              </Attributes>
            </File>
            <Boolean dnOrder="5" id="UART_RING_BUFFER_ENABLE">
              <Attributes dnOrder="0">
                <Boolean dnOrder="0" id="readOnly">
                  <Value dnOrder="0">true</Value>
                </Boolean>
              </Attributes>
              <Values dnOrder="1">
                <Dynamic dnOrder="0" id="uart1" value="true"/>
              </Values>
            </Boolean>
            <Integer dnOrder="6" id="UART_RX_RING_BUFFER_SIZE">
              <Attributes dnOrder="0">
                <Boolean dnOrder="0" id="visible">
                  <Value dnOrder="0">true</Value>
                </Boolean>
              </Attributes>
            </Integer>
            <File dnOrder="7" id="UART_SOURCE">
              <Attributes dnOrder="0">
                <String dnOrder="0" id="source">
                  <Value dnOrder="0">../peripheral/uart_02478/templates/plib_uart_ring_buffer.c.ftl</Value>
                </String>
              </Attributes>
            </File>
            <Integer dnOrder="8" id="UART_TX_RING_BUFFER_SIZE">
              <Attributes dnOrder="0">
                <Boolean dnOrder="0" id="visible">
                  <Value dnOrder="0">true</Value>
                </Boolean>
              </Attributes>
              <Values dnOrder="1">
                <Dynamic dnOrder="0" id="sysWifiPic32mzw1" value="1024"/>
              </Values>
            </Integer>
            <Hex dnOrder="9" id="UMODE_VALUE">
              <Values dnOrder="0">
                <Dynamic dnOrder="0" id="uart1" value="8"/>
              </Values>
            </Hex>
            <Boolean dnOrder="10" id="USART_INTERRUPT_MODE">
              <Attributes dnOrder="0">
                <Boolean dnOrder="0" id="readOnly">
                  <Value dnOrder="0">true</Value>
                </Boolean>
              </Attributes>
              <Values dnOrder="1">
                <Dynamic dnOrder="0" id="uart1" value="true"/>
              </Values>
            </Boolean>
          </Symbols>
          <Attachments dnOrder="1">
            <DirectCapability dnOrder="0" id="UART1_UART">
              <Attributes dnOrder="0">
                <String dnOrder="0" id="targetComponentID">
                  <Value dnOrder="0">sys_console_0</Value>
                </String>
                <String dnOrder="1" id="targetAttachmentID">
                  <Value dnOrder="0">sys_console_UART_dependency</Value>
                </String>
              </Attributes>
            </DirectCapability>
          </Attachments>
        </UniqueComponent>
      </Children>
    </GroupComponent>
    <UniqueComponent dnOrder="3" id="sysWifiPic32mzw1">
      <Symbols dnOrder="0">
        <Combo dnOrder="0" id="SYS_WIFI_MODE">
          <Values dnOrder="0">
            <User dnOrder="0" value="AP"/>
          </Values>
        </Combo>
      </Symbols>
    </UniqueComponent>
    <UniqueComponent dnOrder="4" id="sysWifiProvPic32mzw1">
      <Symbols dnOrder="0">
        <File dnOrder="0" id="SYS_WIFIPROV_CUSTOM_HTTP_SOURCE">
          <Attributes dnOrder="0">
            <Boolean dnOrder="0" id="enabled">
              <Value dnOrder="0">true</Value>
            </Boolean>
          </Attributes>
        </File>
        <Boolean dnOrder="1" id="SYS_WIFIPROV_HTTP">
          <Values dnOrder="0">
            <Dynamic dnOrder="0" id="sysWifiProvPic32mzw1" value="true"/>
            <User dnOrder="1" value="true"/>
          </Values>
        </Boolean>
        <File dnOrder="2" id="SYS_WIFIPROV_HTTP_SOURCE">
          <Attributes dnOrder="0">
            <Boolean dnOrder="0" id="enabled">
              <Value dnOrder="0">true</Value>
            </Boolean>
          </Attributes>
        </File>
        <File dnOrder="3" id="SYS_WIFIPROV_MPFS_SOURCE">
          <Attributes dnOrder="0">
            <Boolean dnOrder="0" id="enabled">
              <Value dnOrder="0">true</Value>
            </Boolean>
          </Attributes>
        </File>
      </Symbols>
    </UniqueComponent>
  </Components>
  <UserData>
    <ComponentGraph dnOrder="0" id="TRANSPORT LAYER">
      <ElementPositions dnOrder="0">
        <ElementPosition dnOrder="0" id="tcpipTcp" x="440" y="20"/>
        <ElementPosition dnOrder="1" id="tcpipUdp" x="300" y="20"/>
        <ElementPosition dnOrder="2" id="tcpip_transport_config" x="20" y="20"/>
      </ElementPositions>
    </ComponentGraph>
    <ComponentGraph dnOrder="1" id="APPLICATION LAYER">
      <ElementPositions dnOrder="0">
        <ElementPosition dnOrder="0" id="tcpipDhcp" x="320" y="20"/>
        <ElementPosition dnOrder="1" id="tcpipDhcps" x="460" y="20"/>
        <ElementPosition dnOrder="2" id="tcpipDns" x="600" y="20"/>
        <ElementPosition dnOrder="3" id="tcpipDnss" x="30" y="60"/>
        <ElementPosition dnOrder="4" id="tcpipHttp" x="170" y="140"/>
        <ElementPosition dnOrder="5" id="tcpip_apps_config" x="20" y="20"/>
      </ElementPositions>
    </ComponentGraph>
    <ComponentGraph dnOrder="2" id="TCP/IP STACK">
      <ElementPositions dnOrder="0">
        <ElementPosition dnOrder="0" id="APPLICATION LAYER" x="30" y="60"/>
        <ElementPosition dnOrder="1" id="BASIC CONFIGURATION" x="180" y="20"/>
        <ElementPosition dnOrder="2" id="DRIVER LAYER" x="560" y="20"/>
        <ElementPosition dnOrder="3" id="NETWORK LAYER" x="20" y="20"/>
        <ElementPosition dnOrder="4" id="TRANSPORT LAYER" x="380" y="20"/>
      </ElementPositions>
    </ComponentGraph>
    <ComponentGraph dnOrder="3" id="NETWORK LAYER">
      <ElementPositions dnOrder="0">
        <ElementPosition dnOrder="0" id="tcpipArp" x="440" y="20"/>
        <ElementPosition dnOrder="1" id="tcpipIPv4" x="300" y="20"/>
        <ElementPosition dnOrder="2" id="tcpipIcmp" x="580" y="20"/>
        <ElementPosition dnOrder="3" id="tcpip_network_config" x="20" y="20"/>
      </ElementPositions>
    </ComponentGraph>
    <ComponentGraph dnOrder="4" id="BASIC CONFIGURATION">
      <ElementPositions dnOrder="0">
        <ElementPosition dnOrder="0" id="tcpipCmd" x="240" y="20"/>
        <ElementPosition dnOrder="1" id="tcpip_basic_config" x="20" y="20"/>
      </ElementPositions>
    </ComponentGraph>
    <ComponentGraph dnOrder="5" id="System Configuration">
      <ElementPositions dnOrder="0">
        <ElementPosition dnOrder="0" id="HarmonyCore" x="30" y="380"/>
        <ElementPosition dnOrder="1" id="TCP/IP STACK" x="250" y="300"/>
        <ElementPosition dnOrder="2" id="core_timer" x="180" y="20"/>
        <ElementPosition dnOrder="3" id="dfp" x="30" y="480"/>
        <ElementPosition dnOrder="4" id="drvWifiPic32mzw1" x="30" y="240"/>
        <ElementPosition dnOrder="5" id="drv_memory" x="154" y="505"/>
        <ElementPosition dnOrder="6" id="lib_crypto" x="500" y="20"/>
        <ElementPosition dnOrder="7" id="lib_wolfcrypt" x="30" y="100"/>
        <ElementPosition dnOrder="8" id="nvm" x="20" y="20"/>
        <ElementPosition dnOrder="9" id="sys_command" x="550" y="100"/>
        <ElementPosition dnOrder="10" id="sys_console" x="370" y="100"/>
        <ElementPosition dnOrder="11" id="sys_debug" x="550" y="220"/>
        <ElementPosition dnOrder="12" id="sys_fs" x="590" y="340"/>
        <ElementPosition dnOrder="13" id="sys_time" x="210" y="100"/>
        <ElementPosition dnOrder="14" id="tcpipNetConfig" x="430" y="340"/>
        <ElementPosition dnOrder="15" id="tcpipStack" x="250" y="340"/>
        <ElementPosition dnOrder="16" id="uart1" x="340" y="20"/>
      </ElementPositions>
    </ComponentGraph>
    <GraphSettings canvasHeight="400" canvasWidth="400" dnOrder="6"/>
    <ComponentGraph dnOrder="7" id="DRIVER LAYER">
      <ElementPositions dnOrder="0">
        <ElementPosition dnOrder="0" id="tcpip_driver_config" x="20" y="20"/>
      </ElementPositions>
    </ComponentGraph>
    <ComponentGraph dnOrder="8" id="__ROOTVIEW">
      <ElementPositions dnOrder="0">
        <ElementPosition dnOrder="0" id="BSP_PIC32MZ_W1_Curiosity" x="113" y="86"/>
        <ElementPosition dnOrder="1" id="System Configuration" x="457" y="113"/>
        <ElementPosition dnOrder="2" id="core" x="396" y="26"/>
        <ElementPosition dnOrder="3" id="sysWifiPic32mzw1" x="223" y="162"/>
        <ElementPosition dnOrder="4" id="sysWifiProvPic32mzw1" x="20" y="20"/>
      </ElementPositions>
    </ComponentGraph>
  </UserData>
</Configuration>
